Number,Lemma,PoS,tikhonov_roots_raw,deterministic_roots,kuznetsova_homonym_candidates,roots
6,абвер,s,вер,,вер => вер-1|вер-2|вер-3,вер-3
88,авианосный,a,"авиа,нос",авиа,нос => нос-1|нос-2,"авиа,нос-2"
132,автодорога,s,"авто,дорог",авто,дорог => дорог-1|дорог-2|дорог-3,"авто,дорог-2"
133,автодорожный,a,"авто,дорож",авто,дорож => дорож-1|дорож-2,"авто,дорож-2"
595,аминокислота,s,"амин,кис",амин,кис => кис-1|кис-2|кис-3,"амин,кис-1"
596,аминокислотный,a,"амин,кис",амин,кис => кис-1|кис-2|кис-3,"амин,кис-1"
778,антимир,s,мир,,мир => мир-1|мир-2,мир-1
1258,аэропорт,s,"аэр,порт",аэр,порт => порт-1|порт-2|порт-3,"аэр,порт-3"
1529,баскетбол,s,"баскет,бол",баскет,бол => бол-1|бол-2,"баскет,бол-2"
1530,баскетболист,s,"баскет,бол",баскет,бол => бол-1|бол-2,"баскет,бол-2"
1861,безразмерный,a,мер,,мер => мер-1|мер-2|мер-3,мер-1
1905,бейсбол,s,"бейс,бол",бейс,бол => бол-1|бол-2,"бейс,бол-2"
1942,белокурый,a,"бел,кур",бел,кур => кур-1|кур-2,"бел,кур-2"
1982,береженый,a,береж,,береж => береж-1|береж-2,береж-1
2273,бизнесмен,s,"бизнес,мен",бизнес,мен => мен-1|мен-2,"бизнес,мен-2"
2373,благоверная,s,"благ,вер",благ,вер => вер-1|вер-2|вер-3,"благ,вер-1"
2378,благовещение,s,"благ,вещ",благ,вещ => вещ-1|вещ-2|вещ-3,"благ,вещ-1"
2379,благовещенский,a,"благ,вещ",благ,вещ => вещ-1|вещ-2|вещ-3,"благ,вещ-1"
2601,богоборческий,a,"бог,бор",бог,бор => бор-1|бор-2|бор-3,"бог,бор-2"
2603,богоданный,a,"бог,да",бог,да => да-1|да-2|да-3,"бог,да-1"
2606,богомол,s,"бог,мол",бог,мол => мол-1|мол-2|мол-3,"бог,мол-2"
2607,богомолец,s,"бог,мол",бог,мол => мол-1|мол-2|мол-3,"бог,мол-2"
2750,большеротый,a,"больш,рот",бол-2,рот => рот-1|рот-2,"бол-2,рот-1"
2765,бомбометание,s,"бомб,мет",бомб,мет => мет-1|мет-2,"бомб,мет-1"
2792,бормашина,s,"бор,машин",машин,бор => бор-1|бор-2|бор-3,"машин,бор-1"
2819,бортинженер,s,"борт,инженер",инженер,борт => борт-1|борт-2,"инженер,борт-2"
2820,бортмеханик,s,"борт,механ",механ,борт => борт-1|борт-2,"механ,борт-2"
2822,бортпроводница,s,"борт,вод",,борт => борт-1|борт-2; вод => вод-1|вод-2,"борт-2,вод-1"
2885,бракоразводный,a,"брак,вод",брак,вод => вод-1|вод-2,"брак,вод-1"
2974,бритоголовый,a,"бр,голов",голов,бр => бр-1|бр-2,"голов,бр-2"
2975,бритоголовый,s,"бр,голов",голов,бр => бр-1|бр-2,"голов,бр-2"
3187,бундесвер,s,"бунд,ес,вер","бунд,ес-2",вер => вер-1|вер-2|вер-3,"бунд,ес-2,вер-3"
3198,бура,s,бур,,бур => бур-1|бур-2|бур-3,бур-2
3209,бурелом,s,"бур,лом",лом,бур => бур-1|бур-2|бур-3,"лом,бур-1"
3211,буренка,s,бур,,бур => бур-1|бур-2|бур-3,бур-2
3653,вековечный,a,"век,веч",век-1,веч => веч-1|веч-2,"век-1,веч-1"
3671,великодушие,s,"велик,душ",вел-1,душ => душ-1|душ-2,"вел-1,душ-1"
3673,великодушный,a,"велик,душ",вел-1,душ => душ-1|душ-2,"вел-1,душ-1"
3680,великопостный,a,"велик,пост",вел-1,пост => пост-1|пост-2,"вел-1,пост-1"
3682,великорусский,a,"велик,рус",вел-1,рус => рус-1|рус-2,"вел-1,рус-2"
3777,вероисповедание,s,"вер,исповед",вед-1,вер => вер-1|вер-2|вер-3,"вед-1,вер-1"
3781,веротерпимость,s,"вер,терп",терп,вер => вер-1|вер-2|вер-3,"терп,вер-1"
3782,вероучение,s,"вер,уч",уч,вер => вер-1|вер-2|вер-3,"уч,вер-1"
3792,верстка,s,верст,,верст => верст-1|верст-2,верст-2
3805,вертолет,s,"верт,лет",верт,лет => лет-1|лет-2,"верт,лет-2"
3807,вертолетчик,s,"верт,лет",верт,лет => лет-1|лет-2,"верт,лет-2"
3818,верховодить,v,"верх,вод",верх,вод => вод-1|вод-2,"верх,вод-1"
3920,вечнозеленый,a,"веч,зелен",зел,веч => веч-1|веч-2,"зел,веч-1"
3938,вещмешок,s,"вещ,мешок",меш-2,вещ => вещ-1|вещ-2|вещ-3,"меш-2,вещ-3"
3967,взаимозаменяемость,s,"взаим,мен",им-1,мен => мен-1|мен-2,"им-1,мен-1"
3968,взаимозаменяемый,a,"взаим,мен,ем","им-1,ем",мен => мен-1|мен-2,"им-1,ем,мен-1"
3978,взаимосвязанный,a,"взаим,вяз",им-1,вяз => вяз-1|вяз-2,"им-1,вяз-2"
4078,взлет,s,лет,,лет => лет-1|лет-2,лет-2
4081,взлетно-посадочный,a,"лет,сад",сад,лет => лет-1|лет-2,"сад,лет-2"
4082,взлетный,a,лет,,лет => лет-1|лет-2,лет-2
4453,вложенный,a,лож,,лож => лож-1|лож-2,лож-1
4517,внесудебный,a,суд,,суд => суд-1|суд-2,суд-1
4620,воднолыжный,a,"вод,лыж",,вод => вод-1|вод-2; лыж => лыж-1|лыж-2,"вод-2,лыж-1"
4622,водовод,s,"вод,вод",,вод => вод-1|вод-2; вод => вод-1|вод-2,"вод-2,вод-1"
4624,водоем,s,вод,,вод => вод-1|вод-2,вод-2
4625,водозабор,s,"вод,бор",,вод => вод-1|вод-2; бор => бор-1|бор-2|бор-3,"вод-2,бор-1"
4626,водоизмещение,s,"вод,мещ",,вод => вод-1|вод-2; мещ => мещ-1|мещ-2,"вод-2,мещ-1"
4629,водолаз,s,"вод,лаз",лаз,вод => вод-1|вод-2,"лаз,вод-2"
4630,водолазка,s,"вод,лаз",лаз,вод => вод-1|вод-2,"лаз,вод-2"
4631,водолазный,a,"вод,лаз",лаз,вод => вод-1|вод-2,"лаз,вод-2"
4632,водомерка,s,"вод,мер",,вод => вод-1|вод-2; мер => мер-1|мер-2|мер-3,"вод-2,мер-1"
4633,водонапорный,a,"вод,пор",,вод => вод-1|вод-2; пор => пор-1|пор-2|пор-3|пор-4,"вод-2,пор-3"
4634,водонепроницаемый,a,"вод,ниц",ниц,вод => вод-1|вод-2,"ниц,вод-2"
4635,водоносный,a,"вод,нос",,вод => вод-1|вод-2; нос => нос-1|нос-2,"вод-2,нос-2"
4637,водоохранный,a,"вод,хран",хран,вод => вод-1|вод-2,"хран,вод-2"
4638,водопад,s,"вод,пад",пад,вод => вод-1|вод-2,"пад,вод-2"
4639,водоплавающий,a,"вод,пла",плав,вод => вод-1|вод-2,"плав,вод-2"
4642,водопользователь,s,"вод,польз",льз,вод => вод-1|вод-2,"льз,вод-2"
4644,водопровод,s,"вод,вод",,вод => вод-1|вод-2; вод => вод-1|вод-2,"вод-2,вод-1"
4648,водорастворимый,a,"вод,твор",,вод => вод-1|вод-2; твор => твор-1|твор-2,"вод-2,твор-1"
4651,водоросль,s,"вод,рос",,вод => вод-1|вод-2; рос => рос-1|рос-2,"вод-2,рос-2"
4652,водосбор,s,"вод,бор",,вод => вод-1|вод-2; бор => бор-1|бор-2|бор-3,"вод-2,бор-1"
4653,водосборный,a,"вод,бор",,вод => вод-1|вод-2; бор => бор-1|бор-2|бор-3,"вод-2,бор-1"
4654,водоснабжение,s,"вод,снабж",бж,вод => вод-1|вод-2,"бж,вод-2"
4656,водосточный,a,"вод,точ",,вод => вод-1|вод-2; точ => точ-1|точ-2|точ-3,"вод-2,точ-1"
4659,водохранилище,s,"вод,хран",хран,вод => вод-1|вод-2,"хран,вод-2"
4701,военторг,s,"воен,торг",во(j)-2,торг => торг-1|торг-2,"во(j)-2,торг-1"
4716,возбудимый,a,буд,,буд => буд-1|буд-2,буд-1
4779,воздуховод,s,"воздух,вод",дух,вод => вод-1|вод-2,"дух,вод-1"
4903,волейбол,s,"волей,бол",волейбол,бол => бол-1|бол-2,"волейбол,бол-2"
4905,волейбольный,a,"волей,боль",волейбол,боль => бол-1|бол-2,"волейбол,бол-2"
4906,волей-неволей,adv,"вол,вол",,вол => вол-1|вол-2; вол => вол-1|вол-2,"вол-1,вол-1"
4918,волновод,s,"волн,вод",,волн => волн-1|волн-2; вод => вод-1|вод-2,"волн-1,вод-1"
4920,волнообразный,a,"волн,образ",раз-1,волн => волн-1|волн-2,"раз-1,волн-1"
5095,восемнадцатилетний,a,"восем,дцат,лет","восем,дцат",лет => лет-1|лет-2,"восем,дцат,лет-1"
5191,востоковедение,s,"восток,вед",ток-1,вед => вед-1|вед-2,"ток-1,вед-1"
5229,восьмидесятилетний,a,"восьм,десят,лет","восьм,десят",лет => лет-1|лет-2,"восьм,десят,лет-1"
5231,восьмилетний,a,"восьм,лет",восьм,лет => лет-1|лет-2,"восьм,лет-1"
5393,вредоносный,a,"вред,нос",вред,нос => нос-1|нос-2,"вред,нос-2"
5494,всецело,adv,цел,,цел => цел-1|цел-2,цел-2
5624,всухомятку,adv,"сух,мят",сух,мят => мят-1|мят-2,"сух,мят-1"
5645,втемную,adv,тем,,тем => тем-1|тем-2,тем-2
5654,втихомолку,adv,"тих,мол",тих,мол => мол-1|мол-2|мол-3,"тих,мол-2"
5805,выводной,a,вод,,вод => вод-1|вод-2,вод-1
6006,выкорчевывать,v,корч,,корч => корч-1|корч-2,корч-2
6343,высокогорный,a,"высок,гор",выс,гор => гор-1|гор-2,"выс,гор-1"
6351,высокомерие,s,"высок,мер",выс,мер => мер-1|мер-2|мер-3,"выс,мер-1"
6353,высокомерный,a,"высок,мер",выс,мер => мер-1|мер-2|мер-3,"выс,мер-1"
6372,высокорослый,a,"высок,рос",выс,рос => рос-1|рос-2,"выс,рос-2"
6380,высокочастотный,a,"высок,част",выс,част => част-1|част-2,"выс,част-2"
6546,вышеизложенный,a,"выш,лож",выш,лож => лож-1|лож-2,"выш,лож-1"
6551,вышеприведенный,a,"выш,вед",выш,вед => вед-1|вед-2,"выш,вед-2"
6639,гаденыш,s,гад,,гад => гад-1|гад-2,гад-2
6676,газонокосилка,s,"газон,кос",газон,кос => кос-1|кос-2|кос-3|кос-4,"газон,кос-1"
6746,гамма-излучение,s,"гамм,луч",гамм,луч => луч-1|луч-2|луч-3|луч-4|луч-5,"гамм,луч-1"
6925,геологоразведка,s,"гео,лог,вед","гео,лог",вед => вед-1|вед-2,"гео,лог,вед-1"
6927,геолого-разведочный,a,"гео,лог,вед","гео,лог",вед => вед-1|вед-2,"гео,лог,вед-1"
7026,гигантомания,s,"гигант,ман",гигант,ман => ман-1|ман-2,"гигант,ман-1"
7055,гидросамолет,s,"гидр,сам,лет","гидр,сам",лет => лет-1|лет-2,"гидр,сам,лет-2"
7098,гипертоник,s,тон,,тон => тон-1|тон-2,тон-1
7099,гипертонический,a,тон,,тон => тон-1|тон-2,тон-1
7113,гипотония,s,"гипо,тон",гипо,тон => тон-1|тон-2,"гипо,тон-1"
7177,глазомер,s,"глаз,мер",глаз,мер => мер-1|мер-2|мер-3,"глаз,мер-1"
7500,горбоносый,a,"горб,нос",горб,нос => нос-1|нос-2,"горб,нос-1"
7520,горемыка,s,"гор,мык",мык,гор => гор-1|гор-2,"мык,гор-2"
7521,горемычный,a,"гор,мыч",,гор => гор-1|гор-2; мыч => мыч-1|мыч-2,"гор-2,мыч-1"
7539,горком,s,"гор,ком",ком,гор => гор-1|гор-2,"ком,гор-1"
7558,горнодобывающий,a,"гор,добы",бы,гор => гор-1|гор-2,"бы,гор-1"
7559,горнозаводский,a,"гор,завод",вод-1,гор => гор-1|гор-2,"вод-1,гор-1"
7560,горно-лесистый,a,"гор,лес",,гор => гор-1|гор-2; лес => лес-1|лес-2|лес-3,"гор-1,лес-1"
7561,горнолыжник,s,"гор,лыж",,гор => гор-1|гор-2; лыж => лыж-1|лыж-2,"гор-1,лыж-1"
7566,горнорудный,a,"гор,руд",руд,гор => гор-1|гор-2,"руд,гор-1"
7613,горюче-смазочный,a,"гор,маз",маз,гор => гор-1|гор-2,"маз,гор-2"
7628,горящий,a,гор,,гор => гор-1|гор-2,гор-2
7712,грабеж,s,"граб,еж",еж,граб => граб-1|граб-2,"еж,граб-1"
7730,градоначальник,s,"град,началь",ч-1,град => град-1|град-2,"ч-1,град-1"
7731,градообразующий,a,"град,образу",образу,град => град-1|град-2,"образу,град-1"
7732,градостроитель,s,"град,стро",стро(j),град => град-1|град-2,"стро(j),град-1"
7733,градостроительный,a,"град,стро",стро(j),град => град-1|град-2,"стро(j),град-1"
7734,градостроительство,s,"град,стро",стро(j),град => град-1|град-2,"стро(j),град-1"
7767,гранатомет,s,"гранат,мет",гранат,мет => мет-1|мет-2,"гранат,мет-1"
7768,гранатометчик,s,"гранат,мет",гранат,мет => мет-1|мет-2,"гранат,мет-1"
7800,графоман,s,"граф,ман",граф,ман => ман-1|ман-2,"граф,ман-1"
7801,графомания,s,"граф,ман",граф,ман => ман-1|ман-2,"граф,ман-1"
8035,губошлеп,s,"губ,шлеп",шлеп,губ => губ-1|губ-2|губ-3,"шлеп,губ-2"
8209,двадцатилетие,s,"дв,дцат,лет","дв,дцат",лет => лет-1|лет-2,"дв,дцат,лет-1"
8210,двадцатилетний,a,"дв,дцат,лет","дв,дцат",лет => лет-1|лет-2,"дв,дцат,лет-1"
8212,двадцатипятилетний,a,"дв,дцат,пят,лет","дв,дцат",пят => пят-1|пят-2; лет => лет-1|лет-2,"дв,дцат,пят-1,лет-1"
8270,двубортный,a,"дв,борт",дв,борт => борт-1|борт-2,"дв,борт-2"
8279,двуколка,s,"дв,кол",дв,кол => кол-1|кол-2|кол-3,"дв,кол-2"
8298,двухголовый,a,"дв,ух,голов","дв,голов",ух => ух-1|ух-2|ух-3|ух-4,"дв,голов,ух-1"
8299,двухдневный,a,"дв,ух,дн",дв,ух => ух-1|ух-2|ух-3|ух-4; дн => дн-1|дн-2,"дв,ух-1,дн-1"
8300,двухколесный,a,"дв,ух,колес","дв,кол-2",ух => ух-1|ух-2|ух-3|ух-4,"дв,кол-2,ух-1"
8301,двухкомнатный,a,"дв,ух,комнат","дв,комнат",ух => ух-1|ух-2|ух-3|ух-4,"дв,комнат,ух-1"
8302,двухконтурный,a,"дв,ух,контур","дв,контур",ух => ух-1|ух-2|ух-3|ух-4,"дв,контур,ух-1"
8303,двухлетний,a,"дв,ух,лет",дв,ух => ух-1|ух-2|ух-3|ух-4; лет => лет-1|лет-2,"дв,ух-1,лет-1"
8305,двухмерный,a,"дв,ух,мер",дв,ух => ух-1|ух-2|ух-3|ух-4; мер => мер-1|мер-2|мер-3,"дв,ух-1,мер-1"
8307,двухмесячный,a,"дв,ух,месяч","дв,месяч",ух => ух-1|ух-2|ух-3|ух-4,"дв,месяч,ух-1"
8308,двухметровый,a,"дв,ух,метр","дв,метр",ух => ух-1|ух-2|ух-3|ух-4,"дв,метр,ух-1"
8309,двухнедельный,a,"дв,ух,недель","дв,де(j)",ух => ух-1|ух-2|ух-3|ух-4,"дв,де(j),ух-1"
8311,двухслойный,a,"дв,ух,слой","дв,сло(j)",ух => ух-1|ух-2|ух-3|ух-4,"дв,сло(j),ух-1"
8313,двухсторонний,a,"дв,ух,сторон","дв,сторон",ух => ух-1|ух-2|ух-3|ух-4,"дв,сторон,ух-1"
8314,двухступенчатый,a,"дв,ух,ступен","дв,ступ-1",ух => ух-1|ух-2|ух-3|ух-4,"дв,ступ-1,ух-1"
8317,двухтомный,a,"дв,ух,том",дв,ух => ух-1|ух-2|ух-3|ух-4; том => том-1|том-2,"дв,ух-1,том-1"
8319,двухуровневый,a,"дв,ух,уровн","дв,уровн",ух => ух-1|ух-2|ух-3|ух-4,"дв,уровн,ух-1"
8320,двухфазный,a,"дв,ух,фаз","дв,фаз",ух => ух-1|ух-2|ух-3|ух-4,"дв,фаз,ух-1"
8321,двухцветный,a,"дв,ух,цвет","дв,цвет",ух => ух-1|ух-2|ух-3|ух-4,"дв,цвет,ух-1"
8322,двухчасовой,a,"дв,ух,час","дв,час",ух => ух-1|ух-2|ух-3|ух-4,"дв,час,ух-1"
8324,двухэтажный,a,"дв,ух,этаж","дв,этаж",ух => ух-1|ух-2|ух-3|ух-4,"дв,этаж,ух-1"
8376,девяностолетний,a,"девяност,лет",девяност,лет => лет-1|лет-2,"девяност,лет-1"
8379,девятилетний,a,"девят,лет",девят,лет => лет-1|лет-2,"девят,лет-1"
8621,деревообрабатывающий,a,"дерев,рабат",раб,дерев => дерев-1|дерев-2,"раб,дерев-2"
8622,деревообработка,s,"дерев,работ",раб,дерев => дерев-1|дерев-2,"раб,дерев-2"
8680,десятидневный,a,"десят,дн",десят,дн => дн-1|дн-2,"десят,дн-1"
8684,десятилетие,s,"десят,лет",десят,лет => лет-1|лет-2,"десят,лет-1"
8685,десятилетка,s,"десят,лет",десят,лет => лет-1|лет-2,"десят,лет-1"
8686,десятилетний,a,"десят,лет",десят,лет => лет-1|лет-2,"десят,лет-1"
8983,дисковод,s,"диск,вод",диск,вод => вод-1|вод-2,"диск,вод-1"
9090,длинноносый,a,"длин,нос",дл,нос => нос-1|нос-2,"дл,нос-1"
9146,доброволец,s,"добр,вол",добр,вол => вол-1|вол-2,"добр,вол-1"
9153,добродушие,s,"добр,душ",добр,душ => душ-1|душ-2,"добр,душ-1"
9155,добродушный,a,"добр,душ",добр,душ => душ-1|душ-2,"добр,душ-1"
9214,доводить,v,вод,,вод => вод-1|вод-2,вод-1
9368,долговечный,a,"долг,веч",,долг => долг-1|долг-2; веч => веч-1|веч-2,"долг-1,веч-1"
9373,долгожданный,a,"долг,жд",жд,долг => долг-1|долг-2,"жд,долг-1"
9377,долгоиграющий,a,"долг,игр",игр,долг => долг-1|долг-2,"игр,долг-1"
9378,долголетие,s,"долг,лет",,долг => долг-1|долг-2; лет => лет-1|лет-2,"долг-1,лет-1"
9379,долголетний,a,"долг,лет",,долг => долг-1|долг-2; лет => лет-1|лет-2,"долг-1,лет-1"
9381,долгосрочный,a,"долг,сроч",роч,долг => долг-1|долг-2,"роч,долг-1"
9382,долгострой,s,"долг,строй",стро(j),долг => долг-1|долг-2,"стро(j),долг-1"
9384,долготерпение,s,"долг,терп",терп,долг => долг-1|долг-2,"терп,долг-1"
9447,домосед,s,"дом,сед",дом,сед => сед-1|сед-2,"дом,сед-1"
9457,домочадец,s,"дом,чад",дом,чад => чад-1|чад-2,"дом,чад-2"
9538,допустимый,a,пуст,,пуст => пуст-1|пуст-2,пуст-1
9559,дорогостоящий,a,"дорог,сто",сто(j),дорог => дорог-1|дорог-2|дорог-3,"сто(j),дорог-1"
9567,дорожно-строительный,a,"дорож,стро",стро(j),дорож => дорож-1|дорож-2,"стро(j),дорож-2"
9568,дорожно-транспортный,a,"дорож,транспорт",транспорт,дорож => дорож-1|дорож-2,"транспорт,дорож-2"
9763,древнерусский,a,"древн,рус",древ-2,рус => рус-1|рус-2,"древ-2,рус-2"
9955,душевая,s,душ,,душ => душ-1|душ-2,душ-2
9957,душевнобольной,a,"душ,больн",бол-1,душ => душ-1|душ-2,"бол-1,душ-1"
9958,душевнобольной,s,"душ,больн",бол-1,душ => душ-1|душ-2,"бол-1,душ-1"
9963,душегубка,s,"душ,губ",,душ => душ-1|душ-2; губ => губ-1|губ-2|губ-3,"душ-1,губ-1"
9965,душераздирающий,a,"душ,дир",дир,душ => душ-1|душ-2,"дир,душ-1"
9968,душещипательный,a,"душ,щип",щип,душ => душ-1|душ-2,"щип,душ-1"
10088,единоборство,s,"един,бор",един,бор => бор-1|бор-2|бор-3,"един,бор-2"
10095,единодушие,s,"един,душ",един,душ => душ-1|душ-2,"един,душ-1"
10097,единодушный,a,"един,душ",един,душ => душ-1|душ-2,"един,душ-1"
10099,единокровный,a,"един,кров",един,кров => кров-1|кров-2,"един,кров-1"
10249,жалко,adv,жал,,жал => жал-1|жал-2,жал-1
10322,железнодорожный,a,"желез,дорож",желез-1,дорож => дорож-1|дорож-2,"желез-1,дорож-2"
10440,животновод,s,"живот,вод",жи,вод => вод-1|вод-2,"жи,вод-1"
10441,животноводство,s,"живот,вод",жи,вод => вод-1|вод-2,"жи,вод-1"
10442,животноводческий,a,"живот,вод",жи,вод => вод-1|вод-2,"жи,вод-1"
10454,жид,s,жид,,жид => жид-1|жид-2,жид-2
10462,жидовка,s,жид,,жид => жид-1|жид-2,жид-2
10463,жидовский,a,жид,,жид => жид-1|жид-2,жид-2
10972,заданность,s,да,,да => да-1|да-2|да-3,да-1
11170,закаленный,a,кал,,кал => кал-1|кал-2|кал-3,кал-1
11257,законодатель,s,"закон,да",кон-1,да => да-1|да-2|да-3,"кон-1,да-1"
11259,законодательный,a,"закон,да",кон-1,да => да-1|да-2|да-3,"кон-1,да-1"
11366,залетный,a,лет,,лет => лет-1|лет-2,лет-2
11386,залогодатель,s,"лог,да",лог,да => да-1|да-2|да-3,"лог,да-1"
12006,застегивать,v,стег,,стег => стег-1|стег-2,стег-1
12200,затюкать,v,тюк,,тюк => тюк-1|тюк-2,тюк-2
12247,захлебываться,v,хлеб,,хлеб => хлеб-1|хлеб-2,хлеб-2
12395,звездолетчик,s,"звезд,лет",звезд,лет => лет-1|лет-2,"звезд,лет-2"
12494,землекоп,s,"земл,коп",зем,коп => коп-1|коп-2|коп-3,"зем,коп-1"
12495,землемер,s,"земл,мер",зем,мер => мер-1|мер-2|мер-3,"зем,мер-1"
12497,землепашец,s,"земл,паш",зем,паш => паш-1|паш-2|паш-3,"зем,паш-2"
12571,злободневный,a,"зл,дн",зл,дн => дн-1|дн-2,"зл,дн-1"
12574,зловещий,a,"зл,вещ",зл,вещ => вещ-1|вещ-2|вещ-3,"зл,вещ-1"
12638,знаменосец,s,"знам,нос",зна(j),нос => нос-1|нос-2,"зна(j),нос-2"
12690,золотоносный,a,"золот,нос",золот,нос => нос-1|нос-2,"золот,нос-2"
13050,излет,s,лет,,лет => лет-1|лет-2,лет-2
13136,износостойкость,s,"нос,стой",сто(j),нос => нос-1|нос-2,"сто(j),нос-2"
13187,изотоп,s,топ,,топ => топ-1|топ-2|топ-3,топ-2
13188,изотопный,a,топ,,топ => топ-1|топ-2|топ-3,топ-2
13280,икроножный,a,"икр,нож",,икр => икр-1|икр-2; нож => нож-1|нож-2,"икр-2,нож-2"
13333,иммобилизация,s,"им,мобил",мобил,им => им-1|им-2,"мобил,им-1"
13334,иммобилизовать,v,"им,мобил",мобил,им => им-1|им-2,"мобил,им-1"
13368,имплантация,s,"им,плант",плант,им => им-1|им-2,"плант,им-1"
13374,импорт,s,"им,порт",,им => им-1|им-2; порт => порт-1|порт-2|порт-3,"им-1,порт-3"
13375,импортер,s,"им,порт",,им => им-1|им-2; порт => порт-1|порт-2|порт-3,"им-1,порт-3"
13376,импортировать,v,"им,порт",,им => им-1|им-2; порт => порт-1|порт-2|порт-3,"им-1,порт-3"
13377,импортный,a,"им,порт",,им => им-1|им-2; порт => порт-1|порт-2|порт-3,"им-1,порт-3"
13752,ионообменный,a,"ион,мен",ион,мен => мен-1|мен-2,"ион,мен-1"
13837,искрометный,a,"искр,мет",искр,мет => мет-1|мет-2,"искр,мет-1"
13855,искусствовед,s,"искусств,вед",кус-2,вед => вед-1|вед-2,"кус-2,вед-1"
13856,искусствоведение,s,"искусств,вед",кус-2,вед => вед-1|вед-2,"кус-2,вед-1"
13857,искусствоведческий,a,"искусств,вед",кус-2,вед => вед-1|вед-2,"кус-2,вед-1"
13995,истертый,a,тер,,тер => тер-1|тер-2,тер-1
14051,истощенный,a,тощ,,тощ => тощ-1|тощ-2,тощ-1
14201,каждодневный,a,"кажд,дн",кажд-2,дн => дн-1|дн-2,"кажд-2,дн-1"
14233,казнокрадство,s,"казн,крад",крад,казн => казн-1|казн-2,"крад,казн-2"
14263,каленый,a,кал,,кал => кал-1|кал-2|кал-3,кал-1
14269,калий,s,кал,,кал => кал-1|кал-2|кал-3,кал-3
14270,калийный,a,кал,,кал => кал-1|кал-2|кал-3,кал-3
14423,капиталовложение,s,"капитал,лож",капитал,лож => лож-1|лож-2,"капитал,лож-1"
14445,капремонт,s,"кап,ремонт",ремонт,кап => кап-1|кап-2|кап-3,"ремонт,кап-3"
14452,капстрана,s,"кап,стран",стран,кап => кап-1|кап-2|кап-3,"стран,кап-3"
14527,кареглазый,a,"кар,глаз",глаз,кар => кар-1|кар-2|кар-3,"глаз,кар-3"
14786,квартплата,s,"кварт,плат",кварт,плат => плат-1|плат-2,"кварт,плат-1"
14901,киновед,s,"кино,вед",кино,вед => вед-1|вед-2,"кино,вед-1"
14930,кинопутешествие,s,"кино,пут",кино,пут => пут-1|пут-2,"кино,пут-2"
14991,кисломолочный,a,"кис,молоч",,кис => кис-1|кис-2|кис-3; молоч => молоч-1|молоч-2,"кис-1,молоч-2"
14994,кисло-сладкий,a,"кис,сладк",слад,кис => кис-1|кис-2|кис-3,"слад,кис-1"
15133,клиновидный,a,"клин,вид",вид,клин => клин-1|клин-2,"вид,клин-1"
15135,клинописный,a,"клин,пис",пис,клин => клин-1|клин-2,"пис,клин-1"
15136,клинопись,s,"клин,пись",пис,клин => клин-1|клин-2,"пис,клин-1"
15309,кожзаменитель,s,"кож,мен",кож,мен => мен-1|мен-2,"кож,мен-1"
15341,кока-кола,s,"кок,кол",кок,кол => кол-1|кол-2|кол-3,"кок,кол-2"
15374,колдоговор,s,"кол,говор",говор,кол => кол-1|кол-2|кол-3,"говор,кол-3"
15483,колхоз,s,"кол,хоз",хоз,кол => кол-1|кол-2|кол-3,"хоз,кол-3"
15485,колхозница,s,"кол,хоз",хоз,кол => кол-1|кол-2|кол-3,"хоз,кол-3"
15486,колхозный,a,"кол,хоз",хоз,кол => кол-1|кол-2|кол-3,"хоз,кол-3"
15695,комроты,s,"ком,рот",ком,рот => рот-1|рот-2,"ком,рот-2"
15696,комсомол,s,"ком,мол",ком,мол => мол-1|мол-2|мол-3,"ком,мол-2"
15709,конармеец,s,"кон,арме",арм,кон => кон-1|кон-2,"арм,кон-2"
15710,конармия,s,"кон,арми",арм,кон => кон-1|кон-2,"арм,кон-2"
15735,конгениальный,a,"кон,гени",гени,кон => кон-1|кон-2,"гени,кон-1"
15739,конгрессмен,s,"конгресс,мен",конгресс,мен => мен-1|мен-2,"конгресс,мен-2"
15759,коневодство,s,"кон,вод",,кон => кон-1|кон-2; вод => вод-1|вод-2,"кон-2,вод-1"
15760,конек,s,кон,,кон => кон-1|кон-2,кон-2
15767,конический,a,кон,,кон => кон-1|кон-2,кон-1
15792,коновал,s,"кон,вал",вал,кон => кон-1|кон-2,"вал,кон-2"
15793,коновязь,s,"кон,вязь",вяз-2,кон => кон-1|кон-2,"вяз-2,кон-2"
15794,конокрад,s,"кон,крад",крад,кон => кон-1|кон-2,"крад,кон-2"
15917,контрмера,s,мер,,мер => мер-1|мер-2|мер-3,мер-1
15927,контрольно-измерительный,a,"контроль,мер",контроль,мер => мер-1|мер-2|мер-3,"контроль,мер-1"
15933,контрразведка,s,вед,,вед => вед-1|вед-2,вед-1
15995,концентрический,a,"кон,центр",центр,кон => кон-1|кон-2,"центр,кон-1"
16046,копа,s,коп,,коп => коп-1|коп-2|коп-3,коп-2
16060,копировать,v,коп,,коп => коп-1|коп-2|коп-3,коп-2
16141,корнеплод,s,"корн,плод",плод,корн => корн-1|корн-2,"плод,корн-1"
16177,коротковолновый,a,"коротк,волн",корот,волн => волн-1|волн-2,"корот,волн-1"
16288,кособокий,a,"кос,бок",бок,кос => кос-1|кос-2|кос-3|кос-4,"бок,кос-2"
16289,косоворотка,s,"кос,ворот",,кос => кос-1|кос-2|кос-3|кос-4; ворот => ворот-1|ворот-2,"кос-2,ворот-1"
16292,косоглазый,a,"кос,глаз",глаз,кос => кос-1|кос-2|кос-3|кос-4,"глаз,кос-2"
16293,косогор,s,"кос,гор",,кос => кос-1|кос-2|кос-3|кос-4; гор => гор-1|гор-2,"кос-2,гор-1"
16334,котенок,s,кот,,кот => кот-1|кот-2,кот-1
16336,котироваться,v,кот,,кот => кот-1|кот-2,кот-2
16337,котировка,s,кот,,кот => кот-1|кот-2,кот-2
16356,кофемолка,s,"кофе,мол",кофе(j),мол => мол-1|мол-2|мол-3,"кофе(j),мол-1"
16422,кранец,s,кран,,кран => кран-1|кран-2,кран-2
16424,крановщик,s,кран,,кран => кран-1|кран-2,кран-2
16462,краснодеревщик,s,"красн,дерев",крас-1,дерев => дерев-1|дерев-2,"крас-1,дерев-2"
16590,крестоносец,s,"крест,нос",крест,нос => нос-1|нос-2,"крест,нос-2"
16620,кривотолки,s,"крив,толк",крив,толк => толк-1|толк-2,"крив,толк-2"
16667,кроваво-красный,a,"кров,красн",крас-1,кров => кров-1|кров-2,"кров-1,крас-1"
16673,кровеносный,a,"кров,нос",,кров => кров-1|кров-2; нос => нос-1|нос-2,"кров-1,нос-2"
16679,кровожадность,s,"кров,жадн",жад,кров => кров-1|кров-2,"кров-1,жад"
16680,кровожадный,a,"кров,жадн",жад,кров => кров-1|кров-2,"кров-1,жад"
16682,кровообращение,s,"кров,обращ",обращ,кров => кров-1|кров-2,"кров-1,обращ"
16683,кровопийца,s,"кров,пий",пий,кров => кров-1|кров-2,"кров-1,пий"
16685,кровопотеря,s,"кров,тер",,кров => кров-1|кров-2; тер => тер-1|тер-2,"кров-1,тер-2"
16686,кровопролитие,s,"кров,ли",ли,кров => кров-1|кров-2,"кров-1,ли"
16688,кровопускание,s,"кров,пуск",пуск,кров => кров-1|кров-2,"кров-1,пуск"
16689,кровосмешение,s,"кров,меш",меш-1,кров => кров-1|кров-2,"кров-1,меш-1"
16690,кровоснабжение,s,"кров,снабж",бж,кров => кров-1|кров-2,"кров-1,бж"
16695,кровоточить,v,"кров,точ",,кров => кров-1|кров-2; точ => точ-1|точ-2|точ-3,"кров-1,точ-1"
16757,круговорот,s,"круг,ворот",круг,ворот => ворот-1|ворот-2,"круг,ворот-1"
16905,кукловод,s,"кукл,вод",кукл,вод => вод-1|вод-2,"кукл,вод-1"
16999,купировать,v,куп,,куп => куп-1|куп-2|куп-3,куп-1
17018,куратор,s,кур,,кур => кур-1|кур-2,кур-1
17033,курировать,v,кур,,кур => кур-1|кур-2,кур-1
17040,курносый,a,"кур,нос",,кур => кур-1|кур-2; нос => нос-1|нос-2,"кур-2,нос-1"
17095,кутеж,s,"кут,еж",еж,кут => кут-1|кут-2|кут-3|кут-4|кут-5,"кут-2,еж"
17096,кутенок,s,кут,,кут => кут-1|кут-2|кут-3|кут-4|кут-5,кут-5
17208,лаковый,a,лак,,лак => лак-1|лак-2,лак-2
17209,лакокрасочный,a,"лак,крас",,лак => лак-1|лак-2; крас => крас-1|крас-2,"лак-2,крас-1"
17338,легирование,s,лег,,лег => лег-1|лег-2,лег-2
17340,легировать,v,лег,,лег => лег-1|лег-2,лег-2
17349,легковерный,a,"легк,вер",лег-1,вер => вер-1|вер-2|вер-3,"лег-1,вер-1"
17350,легковесный,a,"легк,вес",лег-1,вес => вес-1|вес-2|вес-3|вес-4,"лег-1,вес-1"
17362,легонький,a,лег,,лег => лег-1|лег-2,лег-1
17378,ледокол,s,"лед,кол",лед-2,кол => кол-1|кол-2|кол-3,"лед-2,кол-1"
17434,ленинградец,s,"ленин,град",ленин,град => град-1|град-2,"ленин,град-1"
17436,ленинградский,a,"ленин,град",ленин,град => град-1|град-2,"ленин,град-1"
17482,лесовод,s,"лес,вод",,лес => лес-1|лес-2|лес-3; вод => вод-1|вод-2,"лес-1,вод-1"
17483,лесоводственный,a,"лес,вод",,лес => лес-1|лес-2|лес-3; вод => вод-1|вод-2,"лес-1,вод-1"
17485,лесовоз,s,"лес,воз",воз,лес => лес-1|лес-2|лес-3,"лес-1,воз"
17490,лесозаготовительный,a,"лес,готов",готов,лес => лес-1|лес-2|лес-3,"лес-1,готов"
17496,лесонасаждение,s,"лес,сажд",сажд,лес => лес-1|лес-2|лес-3,"лес-1,сажд"
17498,лесопарк,s,"лес,парк",парк,лес => лес-1|лес-2|лес-3,"лес-1,парк"
17499,лесопарковый,a,"лес,парк",парк,лес => лес-1|лес-2|лес-3,"лес-1,парк"
17501,лесопильный,a,"лес,пиль",пил,лес => лес-1|лес-2|лес-3,"лес-1,пил"
17502,лесоповал,s,"лес,вал",вал,лес => лес-1|лес-2|лес-3,"лес-1,вал"
17504,лесополоса,s,"лес,полос",,лес => лес-1|лес-2|лес-3; полос => полос-1|полос-2,"лес-1,полос-1"
17507,лесопосадка,s,"лес,сад",сад,лес => лес-1|лес-2|лес-3,"лес-1,сад"
17509,лесопромышленный,a,"лес,промышл",мышл,лес => лес-1|лес-2|лес-3,"лес-1,мышл"
17511,лесоразведение,s,"лес,вед",,лес => лес-1|лес-2|лес-3; вед => вед-1|вед-2,"лес-1,вед-2"
17515,лесосека,s,"лес,сек",сек,лес => лес-1|лес-2|лес-3,"лес-1,сек"
17516,лесосеменной,a,"лес,сем",,лес => лес-1|лес-2|лес-3; сем => сем-1|сем-2|сем-3,"лес-1,сем-3"
17517,лесосечный,a,"лес,сеч",сеч,лес => лес-1|лес-2|лес-3,"лес-1,сеч"
17519,лесостепь,s,"лес,степь",степ,лес => лес-1|лес-2|лес-3,"лес-1,степ"
17520,лесотехнический,a,"лес,техн",техн,лес => лес-1|лес-2|лес-3,"лес-1,техн"
17522,лесоустроительный,a,"лес,стро",стро(j),лес => лес-1|лес-2|лес-3,"лес-1,стро(j)"
17523,лесоустройство,s,"лес,строй",стро(j),лес => лес-1|лес-2|лес-3,"лес-1,стро(j)"
17526,леспромхоз,s,"лес,пром,хоз","пром,хоз",лес => лес-1|лес-2|лес-3,"лес-1,пром,хоз"
17527,леспромхозовский,a,"лес,пром,хоз","пром,хоз",лес => лес-1|лес-2|лес-3,"лес-1,пром,хоз"
17534,лесхоз,s,"лес,хоз",хоз,лес => лес-1|лес-2|лес-3,"лес-1,хоз"
17535,лет,s,лет,,лет => лет-1|лет-2,лет-1
17545,летно-технический,a,"лет,техн",техн,лет => лет-1|лет-2,"лет-2,техн"
17546,летный,a,лет,,лет => лет-1|лет-2,лет-2
17550,летописец,s,"лет,пис",пис,лет => лет-1|лет-2,"лет-1,пис"
17551,летописный,a,"лет,пис",пис,лет => лет-1|лет-2,"лет-1,пис"
17552,летопись,s,"лет,пись",пис,лет => лет-1|лет-2,"лет-1,пис"
17553,летосчисление,s,"лет,числ",числ,лет => лет-1|лет-2,"лет-1,числ"
17559,летчица,s,лет,,лет => лет-1|лет-2,лет-2
17717,литературовед,s,"литерат,вед",литерат,вед => вед-1|вед-2,"литерат,вед-1"
17718,литературоведение,s,"литерат,вед",литерат,вед => вед-1|вед-2,"литерат,вед-1"
17719,литературоведческий,a,"литерат,вед",литерат,вед => вед-1|вед-2,"литерат,вед-1"
17975,луженый,a,луж,,луж => луж-1|луж-2|луж-3,луж-2
17994,лук-порей,s,"лук,порей",порей,лук => лук-1|лук-2|лук-3,"лук-2,порей"
18244,макромир,s,мир,,мир => мир-1|мир-2,мир-1
18270,малек,s,мал,,мал => мал-1|мал-2|мал-3|мал-4,мал-1
18280,маловажный,a,"мал,важн",важ-1,мал => мал-1|мал-2|мал-3|мал-4,"мал-1,важ-1"
18284,маловероятный,a,"мал,вероятн",вероят,мал => мал-1|мал-2|мал-3|мал-4,"мал-1,вероят"
18285,маловразумительный,a,"мал,ум",ум,мал => мал-1|мал-2|мал-3|мал-4,"мал-1,ум"
18287,малогабаритный,a,"мал,габарит",габарит,мал => мал-1|мал-2|мал-3|мал-4,"мал-1,габарит"
18288,малограмотный,a,"мал,грамот",грамот,мал => мал-1|мал-2|мал-3|мал-4,"мал-1,грамот"
18294,малозаметный,a,"мал,замет",мет-2,мал => мал-1|мал-2|мал-3|мал-4,"мал-1,мет-2"
18295,малознакомый,a,"мал,знаком",зна(j),мал => мал-1|мал-2|мал-3|мал-4,"мал-1,зна(j)"
18296,малозначащий,a,"мал,знач",зна(j),мал => мал-1|мал-2|мал-3|мал-4,"мал-1,зна(j)"
18297,малозначительный,a,"мал,знач",зна(j),мал => мал-1|мал-2|мал-3|мал-4,"мал-1,зна(j)"
18299,малоизученный,a,"мал,уч",уч,мал => мал-1|мал-2|мал-3|мал-4,"мал-1,уч"
18300,малоимущий,a,мал,,мал => мал-1|мал-2|мал-3|мал-4,мал-1
18301,малоинтересный,a,"мал,интерес",интерес,мал => мал-1|мал-2|мал-3|мал-4,"мал-1,интерес"
18302,малокалиберный,a,"мал,калибер",калибер,мал => мал-1|мал-2|мал-3|мал-4,"мал-1,калибер"
18304,малокровный,a,"мал,кров",,мал => мал-1|мал-2|мал-3|мал-4; кров => кров-1|кров-2,"мал-1,кров-1"
18306,малолетний,a,"мал,лет",,мал => мал-1|мал-2|мал-3|мал-4; лет => лет-1|лет-2,"мал-1,лет-1"
18307,малолетство,s,"мал,лет",,мал => мал-1|мал-2|мал-3|мал-4; лет => лет-1|лет-2,"мал-1,лет-1"
18309,малолюдный,a,"мал,люд",люд,мал => мал-1|мал-2|мал-3|мал-4,"мал-1,люд"
18312,маломерный,a,"мал,мер",,мал => мал-1|мал-2|мал-3|мал-4; мер => мер-1|мер-2|мер-3,"мал-1,мер-1"
18313,маломощный,a,"мал,мощ",мощ-1,мал => мал-1|мал-2|мал-3|мал-4,"мал-1,мощ-1"
18314,малонаселенный,a,"мал,сел",сел,мал => мал-1|мал-2|мал-3|мал-4,"мал-1,сел"
18315,малообеспеченный,a,"мал,обеспеч",печ,мал => мал-1|мал-2|мал-3|мал-4,"мал-1,печ"
18316,малообразованный,a,"мал,образова",раз-1,мал => мал-1|мал-2|мал-3|мал-4,"мал-1,раз-1"
18317,малоопытный,a,"мал,опыт",пыт,мал => мал-1|мал-2|мал-3|мал-4,"мал-1,пыт"
18318,малоподвижный,a,"мал,движ",движ,мал => мал-1|мал-2|мал-3|мал-4,"мал-1,движ"
18319,мало-помалу,adv,"мал,мал",,мал => мал-1|мал-2|мал-3|мал-4; мал => мал-1|мал-2|мал-3|мал-4,"мал-1,мал-1"
18320,малопонятный,a,"мал,поня",ня,мал => мал-1|мал-2|мал-3|мал-4,"мал-1,ня"
18321,малопривлекательный,a,"мал,влек",влек,мал => мал-1|мал-2|мал-3|мал-4,"мал-1,влек"
18322,малопригодный,a,"мал,год",год,мал => мал-1|мал-2|мал-3|мал-4,"мал-1,год"
18323,малоприятный,a,"мал,приятн",приятн,мал => мал-1|мал-2|мал-3|мал-4,"мал-1,приятн"
18324,малоразмерный,a,"мал,мер",,мал => мал-1|мал-2|мал-3|мал-4; мер => мер-1|мер-2|мер-3,"мал-1,мер-1"
18325,малорослый,a,"мал,рос",,мал => мал-1|мал-2|мал-3|мал-4; рос => рос-1|рос-2,"мал-1,рос-2"
18332,малоценный,a,"мал,цен",цен,мал => мал-1|мал-2|мал-3|мал-4,"мал-1,цен"
18334,малочисленный,a,"мал,числ",числ,мал => мал-1|мал-2|мал-3|мал-4,"мал-1,числ"
18336,малоэффективный,a,"мал,эффект",эффект,мал => мал-1|мал-2|мал-3|мал-4,"мал-1,эффект"
18428,манометр,s,"ман,метр",метр,ман => ман-1|ман-2,"ман-1,метр"
18727,мед,s,мед,,мед => мед-1|мед-2,мед-2
18744,медик,s,мед,,мед => мед-1|мед-2,мед-1
18749,мединститут,s,"мед,институт",институт,мед => мед-1|мед-2,"мед-1,институт"
18756,медкомиссия,s,"мед,комисси",комисси,мед => мед-1|мед-2,"мед-1,комисси"
18769,медперсонал,s,"мед,персонал",персонал,мед => мед-1|мед-2,"мед-1,персонал"
18770,медпункт,s,"мед,пункт",пункт,мед => мед-1|мед-2,"мед-1,пункт"
18773,медсанбат,s,"мед,сан,бат",бат,мед => мед-1|мед-2; сан => сан-1|сан-2,"мед-1,сан-1,бат"
18775,медсестра,s,"мед,сестр",сестр,мед => мед-1|мед-2,"мед-1,сестр"
18853,мелководный,a,"мелк,вод",мел,вод => вод-1|вод-2,"мел,вод-2"
18871,меломан,s,"мел,ман",мел,ман => ман-1|ман-2,"мел,ман-1"
18955,мериться,v,мер,,мер => мер-1|мер-2|мер-3,мер-1
18992,местком,s,мест,,мест => мест-1|мест-2,мест-1
19000,местонахождение,s,"мест,хожд",хожд,мест => мест-1|мест-2,"мест-1,хожд"
19001,местообитание,s,"мест,обита",обит,мест => мест-1|мест-2,"мест-1,обит"
19002,местоположение,s,"мест,лож",,мест => мест-1|мест-2; лож => лож-1|лож-2,"мест-1,лож-1"
19003,местопребывание,s,"мест,бы",бы,мест => мест-1|мест-2,"мест-1,бы"
19005,месторождение,s,"мест,рожд",рожд,мест => мест-1|мест-2,"мест-1,рожд"
19014,метаболизм,s,"мета,бол",мета,бол => бол-1|бол-2,"мета,бол-1"
19015,метаболит,s,"мета,бол",мета,бол => бол-1|бол-2,"мета,бол-1"
19016,метаболический,a,"мета,бол",мета,бол => бол-1|бол-2,"мета,бол-1"
19019,метаданные,s,"мета,да",мета,да => да-1|да-2|да-3,"мета,да-1"
19028,металлопрокат,s,"металл,кат",металл,кат => кат-1|кат-2,"металл,кат-1"
19122,меченосец,s,"меч,нос",,меч => меч-1|меч-2; нос => нос-1|нос-2,"меч-2,нос-2"
19181,микроволновый,a,волн,,волн => волн-1|волн-2,волн-1
19185,микромир,s,мир,,мир => мир-1|мир-2,мир-1
19200,микрочастица,s,част,,част => част-1|част-2,част-1
19261,мимолетный,a,"мимо,лет",мимо,лет => лет-1|лет-2,"мимо,лет-2"
19337,миро,s,мир,,мир => мир-1|мир-2,мир-1
19338,мировоззрение,s,"мир,воз,зр","воз,зр",мир => мир-1|мир-2,"мир-1,воз,зр"
19339,мировоззренческий,a,"мир,воз,зр","воз,зр",мир => мир-1|мир-2,"мир-1,воз,зр"
19341,мировосприятие,s,"мир,восприя",я-1,мир => мир-1|мир-2,"мир-1,я-1"
19342,мироед,s,"мир,ед",ед,мир => мир-1|мир-2,"мир-1,ед"
19343,мироздание,s,"мир,здани",зд,мир => мир-1|мир-2,"мир-1,зд"
19346,миролюбивый,a,"мир,люб",люб,мир => мир-1|мир-2,"мир-1,люб"
19347,миролюбие,s,"мир,люб",люб,мир => мир-1|мир-2,"мир-1,люб"
19348,мироощущение,s,"мир,ощущ",ощущ,мир => мир-1|мир-2,"мир-1,ощущ"
19350,миропонимание,s,"мир,поним",ним,мир => мир-1|мир-2,"мир-1,ним"
19352,миросозерцание,s,"мир,созерц",созерц,мир => мир-1|мир-2,"мир-1,созерц"
19353,миротворец,s,"мир,твор",,мир => мир-1|мир-2; твор => твор-1|твор-2,"мир-1,твор-1"
19354,миротворческий,a,"мир,твор",,мир => мир-1|мир-2; твор => твор-1|твор-2,"мир-1,твор-1"
19455,многолетний,a,"мног,лет",мног,лет => лет-1|лет-2,"мног,лет-1"
19456,многолетник,s,"мног,лет",мног,лет => лет-1|лет-2,"мног,лет-1"
19496,многотонный,a,"мног,тон",мног,тон => тон-1|тон-2,"мног,тон-1"
19497,многоточие,s,"мног,точ",мног,точ => точ-1|точ-2|точ-3,"мног,точ-2"
19501,многоугольник,s,"мног,уголь",мног,уголь => угол-1|угол-2,"мног,угол-1"
19679,молочно-белый,a,"молоч,бел",бел,молоч => молоч-1|молоч-2,"молоч-2,бел"
19739,мономер,s,"моно,мер",моно,мер => мер-1|мер-2|мер-3,"моно,мер-1"
19756,монотонный,a,"моно,тон",моно,тон => тон-1|тон-2,"моно,тон-1"
19792,мордобой,s,"морд,бой",бо(j)-1,морд => морд-1|морд-2,"морд-1,бо(j)-1"
19794,мордоворот,s,"морд,ворот",,морд => морд-1|морд-2; ворот => ворот-1|ворот-2,"морд-1,ворот-1"
19798,мореный,a,мор,,мор => мор-1|мор-2,мор-1
19799,мореплавание,s,"мор,плав",плав,мор => мор-1|мор-2,"мор-2,плав"
19800,мореплаватель,s,"мор,плав",плав,мор => мор-1|мор-2,"мор-2,плав"
19804,мореходный,a,"мор,ход",ход,мор => мор-1|мор-2,"мор-2,ход"
19923,мочеточник,s,"моч,точ",моч-1,точ => точ-1|точ-2|точ-3,"моч-1,точ-1"
20007,музыковед,s,"музык,вед",музык,вед => вед-1|вед-2,"музык,вед-1"
20008,музыковедческий,a,"музык,вед",музык,вед => вед-1|вед-2,"музык,вед-1"
20098,мухомор,s,"мух,мор",мух,мор => мор-1|мор-2,"мух,мор-1"
20178,мягкотелость,s,"мягк,тел",мяг,тел => тел-1|тел-2,"мяг,тел-1"
20179,мягкотелый,a,"мягк,тел",мяг,тел => тел-1|тел-2,"мяг,тел-1"
20190,мясокомбинат,s,"мяс,комбинат",комбинат,мяс => мяс-1|мяс-2,"мяс-1,комбинат"
20193,мясорубка,s,"мяс,руб",руб,мяс => мяс-1|мяс-2,"мяс-1,руб"
20346,навязывание,s,вяз,,вяз => вяз-1|вяз-2,вяз-2
20593,наиболее,adv,бол,,бол => бол-1|бол-2,бол-2
20594,наибольший,a,боль,,боль => бол-1|бол-2,бол-2
20688,накопитель,s,коп,,коп => коп-1|коп-2|коп-3,коп-2
20733,налет,s,лет,,лет => лет-1|лет-2,лет-2
20736,налетчик,s,лет,,лет => лет-1|лет-2,лет-2
20764,налогообложение,s,"налог,лож",лог,лож => лож-1|лож-2,"лог,лож-1"
20765,налогоплательщик,s,"налог,плат",лог,плат => плат-1|плат-2,"лог,плат-1"
20984,напыление,s,пыл,,пыл => пыл-1|пыл-2,пыл-2
21029,наркоман,s,"нарк,ман",нарк,ман => ман-1|ман-2,"нарк,ман-1"
21030,наркомания,s,"нарк,ман",нарк,ман => ман-1|ман-2,"нарк,ман-1"
21064,нарсуд,s,"нар,суд",нар,суд => суд-1|суд-2,"нар,суд-1"
21276,натертый,a,тер,,тер => тер-1|тер-2,тер-1
21434,начес,s,чес,,чес => чес-1|чес-2,чес-1
21525,небритый,a,бр,,бр => бр-1|бр-2,бр-2
21537,неведение,s,вед,,вед => вед-1|вед-2,вед-1
21538,неведомо,adv,вед,,вед => вед-1|вед-2,вед-1
21539,неведомый,a,вед,,вед => вед-1|вед-2,вед-1
21558,неверующий,a,вер,,вер => вер-1|вер-2|вер-3,вер-1
21559,неверующий,s,вер,,вер => вер-1|вер-2|вер-3,вер-1
21564,невесомый,a,вес,,вес => вес-1|вес-2|вес-3|вес-4,вес-1
21604,невоенный,a,во,,во => во(j)-1|во(j)-2|во(j)-3,во(j)-2
21621,неволя,s,вол,,вол => вол-1|вол-2,вол-1
21654,невыплата,s,плат,,плат => плат-1|плат-2,плат-1
21739,недобрать,v,бр,,бр => бр-1|бр-2,бр-1
21763,недодать,v,да,,да => да-1|да-2|да-3,да-1
21776,недолгий,a,долг,,долг => долг-1|долг-2,долг-1
21779,недолговечный,a,"долг,веч",,долг => долг-1|долг-2; веч => веч-1|веч-2,"долг-1,веч-1"
21794,недоплатить,v,плат,,плат => плат-1|плат-2,плат-1
21804,недопущение,s,пущ,,пущ => пущ-1|пущ-2,пущ-2
21810,недорогой,a,дорог,,дорог => дорог-1|дорог-2|дорог-3,дорог-1
21874,нежданно-негаданно,adv,"жд,гад",жд,гад => гад-1|гад-2,"жд,гад-1"
21886,нежирный,a,жир,,жир => жир-1|жир-2,жир-1
21909,незадолго,adv,долг,,долг => долг-1|долг-2,долг-1
21923,незаменимый,a,мен,,мен => мен-1|мен-2,мен-1
21933,незапертый,a,пер,,пер => пер-1|пер-2,пер-1
21980,неизведанный,a,вед,,вед => вед-1|вед-2,вед-1
21996,неизреченный,a,реч,,реч => реч-1|реч-2,реч-2
22003,неимущий,a,им,,им => им-1|им-2,им-1
22078,некрасивый,a,крас,,крас => крас-1|крас-2,крас-1
22139,немаловажный,a,"мал,важн",важ-1,мал => мал-1|мал-2|мал-3|мал-4,"мал-1,важ-1"
22140,немалый,a,мал,,мал => мал-1|мал-2|мал-3|мал-4,мал-1
22147,немереный,a,мер,,мер => мер-1|мер-2|мер-3,мер-1
22197,ненадолго,adv,долг,,долг => долг-1|долг-2,долг-1
22229,необоримый,a,бор,,бор => бор-1|бор-2|бор-3,бор-2
22283,неодушевленный,a,"душ,евл",евл,душ => душ-1|душ-2,"душ-1,евл"
22284,неожиданно,adv,жид,,жид => жид-1|жид-2,жид-1
22304,неоплаченный,a,плач,,плач => плач-1|плач-2|плач-3,плач-1
22356,неотложка,s,лож,,лож => лож-1|лож-2,лож-1
22384,непереносимый,a,нос,,нос => нос-1|нос-2,нос-2
22390,неплатеж,s,"плат,еж",еж,плат => плат-1|плат-2,"плат-1,еж"
22391,неплатежеспособный,a,"плат,еж,способн","еж,соб",плат => плат-1|плат-2,"плат-1,еж,соб"
22392,неплательщик,s,плат,,плат => плат-1|плат-2,плат-1
22411,неподатливый,a,да,,да => да-1|да-2|да-3,да-1
22425,неподсудный,a,суд,,суд => суд-1|суд-2,суд-1
22540,неприбранный,a,бр,,бр => бр-1|бр-2,бр-1
22559,неприкосновенность,s,кос,,кос => кос-1|кос-2|кос-3|кос-4,кос-4
22560,неприкосновенный,a,кос,,кос => кос-1|кос-2|кос-3|кос-4,кос-4
22568,неприметный,a,мет,,мет => мет-1|мет-2,мет-2
22651,неравномерный,a,"равн,мер",рав,мер => мер-1|мер-2|мер-3,"рав,мер-1"
22663,неразборчивый,a,бор,,бор => бор-1|бор-2|бор-3,бор-1
22666,неразгаданный,a,гад,,гад => гад-1|гад-2,гад-1
22737,нерукотворный,a,"рук,твор",рук,твор => твор-1|твор-2,"рук,твор-1"
22738,нерусский,a,рус,,рус => рус-1|рус-2,рус-2
22751,несведущий,a,вед,,вед => вед-1|вед-2,вед-1
22760,несвязный,a,вяз,,вяз => вяз-1|вяз-2,вяз-2
22763,несгораемый,a,"гор,ем",ем,гор => гор-1|гор-2,"гор-2,ем"
22802,несмелый,a,сме,,сме => сме-1|сме-2,сме-2
22811,несносный,a,нос,,нос => нос-1|нос-2,нос-2
22812,несоблюдение,s,блюд,,блюд => блюд-1|блюд-2|блюд-3,блюд-1
22814,несовершеннолетний,a,"совершенн,лет",совершенн,лет => лет-1|лет-2,"совершенн,лет-1"
22830,несоизмеримый,a,мер,,мер => мер-1|мер-2|мер-3,мер-1
22845,несоразмерный,a,мер,,мер => мер-1|мер-2|мер-3,мер-1
22926,нетопленый,a,топл,,топл => топ-1|топ-2|топ-3,топ-3
22946,неубранный,a,бр,,бр => бр-1|бр-2,бр-1
22951,неуверенность,s,вер,,вер => вер-1|вер-2|вер-3,вер-1
22952,неуверенный,a,вер,,вер => вер-1|вер-2|вер-3,вер-1
22955,неувязка,s,вяз,,вяз => вяз-1|вяз-2,вяз-2
23003,неумеренный,a,мер,,мер => мер-1|мер-2|мер-3,мер-1
23006,неуместный,a,мест,,мест => мест-1|мест-2,мест-1
23018,неуплата,s,плат,,плат => плат-1|плат-2,плат-1
23024,неуравновешенный,a,"равн,веш",рав,веш => веш-1|веш-2,"рав,веш-1"
23025,неурожай,s,рож,,рож => рож-1|рож-2|рож-3|рож-4,рож-2
23053,неутомимость,s,том,,том => том-1|том-2,том-2
23054,неутомимый,a,том,,том => том-1|том-2,том-2
23075,нефтегазоносность,s,"нефт,газ,нос","нефт,газ",нос => нос-1|нос-2,"нефт,газ,нос-2"
23082,нефтеносный,a,"нефт,нос",нефт,нос => нос-1|нос-2,"нефт,нос-2"
23107,нецелесообразность,s,"цел,сообразн",раз-1,цел => цел-1|цел-2,"цел-1,раз-1"
23108,нецелесообразный,a,"цел,сообразн",раз-1,цел => цел-1|цел-2,"цел-1,раз-1"
23119,нечесаный,a,чес,,чес => чес-1|чес-2,чес-1
23181,низвести,v,"низ,вес",,низ => низ-1|низ-2; вес => вес-1|вес-2|вес-3|вес-4,"низ-1,вес-2"
23182,низводить,v,"низ,вод",,низ => низ-1|низ-2; вод => вод-1|вод-2,"низ-1,вод-1"
23190,низколетящий,a,"низк,лет",низ-1,лет => лет-1|лет-2,"низ-1,лет-2"
23192,низкооплачиваемый,a,"низк,плач",низ-1,плач => плач-1|плач-2|плач-3,"низ-1,плач-1"
23196,низкорослый,a,"низк,рос",низ-1,рос => рос-1|рос-2,"низ-1,рос-2"
23200,низложить,v,"низ,лож",,низ => низ-1|низ-2; лож => лож-1|лож-2,"низ-1,лож-1"
23231,ниспослать,v,сл,,сл => сл-1|сл-2,сл-1
23403,носоглотка,s,"нос,глот",глот,нос => нос-1|нос-2,"нос-1,глот"
23405,носорог,s,"нос,рог",рог,нос => нос-1|нос-2,"нос-1,рог"
23425,ночлег,s,"ноч,лег",ноч-2,лег => лег-1|лег-2,"ноч-2,лег-2"
23591,обезболивающий,a,бол,,бол => бол-1|бол-2,бол-1
23653,обесточить,v,точ,,точ => точ-1|точ-2|точ-3,точ-1
23675,обжатие,s,жа,,жа => жа-1|жа-2,жа-1
23790,облет,s,лет,,лет => лет-1|лет-2,лет-2
24325,обществовед,s,"общ,вед",общ,вед => вед-1|вед-2,"общ,вед-1"
24443,овцеводство,s,"овц,вод",ов,вод => вод-1|вод-2,"ов,вод-1"
24476,огнемет,s,"огн,мет",огн,мет => мет-1|мет-2,"огн,мет-1"
24484,огнетушитель,s,"огн,туш",огн,туш => туш-1|туш-2,"огн,туш-2"
24592,одиннадцатилетний,a,"один,дцат,лет","один,дцат",лет => лет-1|лет-2,"один,дцат,лет-1"
24616,однодневный,a,"одн,дн",одн,дн => дн-1|дн-2,"одн,дн-1"
24630,однолетний,a,"одн,лет",одн,лет => лет-1|лет-2,"одн,лет-1"
24631,однолетник,s,"одн,лет",одн,лет => лет-1|лет-2,"одн,лет-1"
24644,одноосный,a,"одн,ос",одн,ос => ос-1|ос-2,"одн,ос-2"
24662,однотонный,a,"одн,тон",одн,тон => тон-1|тон-2,"одн,тон-1"
24814,окатыш,s,кат,,кат => кат-1|кат-2,кат-1
24826,окислительно-восстановительный,a,"кис,восстанов",ста(j),кис => кис-1|кис-2|кис-3,"кис-1,ста(j)"
24881,окосеть,v,кос,,кос => кос-1|кос-2|кос-3|кос-4,кос-2
24966,оленевод,s,"олен,вод",олен,вод => вод-1|вод-2,"олен,вод-1"
25073,опенок,s,пен,,пен => пен-1|пен-2|пен-3,пен-2
25144,оплодотворение,s,"плод,твор",плод,твор => твор-1|твор-2,"плод,твор-1"
25145,оплодотворить,v,"плод,твор",плод,твор => твор-1|твор-2,"плод,твор-1"
25146,оплодотворять,v,"плод,твор",плод,твор => твор-1|твор-2,"плод,твор-1"
25177,опорно-двигательный,a,"пор,двиг",двиг,пор => пор-1|пор-2|пор-3|пор-4,"пор-3,двиг"
25302,опустошенный,a,пуст,,пуст => пуст-1|пуст-2,пуст-2
25384,орденоносец,s,"орден,нос",орден,нос => нос-1|нос-2,"орден,нос-2"
25385,орденоносный,a,"орден,нос",орден,нос => нос-1|нос-2,"орден,нос-2"
25449,оруженосец,s,"оруж,нос",руж,нос => нос-1|нос-2,"руж,нос-2"
25555,осколочек,s,кол,,кол => кол-1|кол-2|кол-3,кол-1
25635,основоположник,s,"основ,лож",снов,лож => лож-1|лож-2,"снов,лож-1"
25711,осточертеть,v,"осто,черт",осто,черт => черт-1|черт-2,"осто,черт-2"
25732,остроносый,a,"остр,нос",остр,нос => нос-1|нос-2,"остр,нос-1"
26506,отсыпка,s,сып,,сып => сып-1|сып-2,сып-1
26558,отхлебывать,v,хлеб,,хлеб => хлеб-1|хлеб-2,хлеб-2
26895,пал,s,пал,,пал => пал-1|пал-2|пал-3|пал-4,пал-1
27080,парировать,v,пар,,пар => пар-1|пар-2|пар-3|пар-4|пар-5|пар-6,пар-3
27101,парная,s,пар,,пар => пар-1|пар-2|пар-3|пар-4|пар-5|пар-6,пар-1
27109,паровоз,s,"пар,воз",воз,пар => пар-1|пар-2|пар-3|пар-4|пар-5|пар-6,"пар-1,воз"
27111,паровозный,a,"пар,воз",воз,пар => пар-1|пар-2|пар-3|пар-4|пар-5|пар-6,"пар-1,воз"
27127,пароход,s,"пар,ход",ход,пар => пар-1|пар-2|пар-3|пар-4|пар-5|пар-6,"пар-1,ход"
27128,пароходик,s,"пар,ход",ход,пар => пар-1|пар-2|пар-3|пар-4|пар-5|пар-6,"пар-1,ход"
27129,пароходный,a,"пар,ход",ход,пар => пар-1|пар-2|пар-3|пар-4|пар-5|пар-6,"пар-1,ход"
27132,парсек,s,"пар,сек",сек,пар => пар-1|пар-2|пар-3|пар-4|пар-5|пар-6,"пар-4,сек"
27295,патрульно-постовой,a,"патруль,пост",патруль,пост => пост-1|пост-2,"патруль,пост-2"
27392,пенек,s,пен,,пен => пен-1|пен-2|пен-3,пен-2
27402,пенобетон,s,"пен,бетон",бетон,пен => пен-1|пен-2|пен-3,"пен-1,бетон"
27403,пенопласт,s,"пен,пласт",пласт,пен => пен-1|пен-2|пен-3,"пен-1,пласт"
27428,пепельно-серый,a,"пепель,сер",пепел,сер => сер-1|сер-2,"пепел,сер-1"
27431,пепси-кола,s,"пепси,кол",пепси,кол => кол-1|кол-2|кол-3,"пепси,кол-1"
27567,перевязочная,s,вяз,,вяз => вяз-1|вяз-2,вяз-2
27771,перелетный,a,лет,,лет => лет-1|лет-2,лет-2
28165,перочинный,a,"пер,чин",,пер => пер-1|пер-2; чин => чин-1|чин-2,"пер-2,чин-1"
28207,перышко,s,пер,,пер => пер-1|пер-2,пер-2
28407,пионервожатая,s,"пионер,вож",пионер,вож => вож-1|вож-2|вож-3,"пионер,вож-1"
28461,пистолет-пулемет,s,"пистолет,пул,мет","пистолет,пул",мет => мет-1|мет-2,"пистолет,пул,мет-1"
28505,пищеблок,s,"пищ,блок",блок,пищ => пищ-1|пищ-2,"пищ-2,блок"
28507,пищеварительный,a,"пищ,вар",вар-1,пищ => пищ-1|пищ-2,"пищ-2,вар-1"
28574,планомерный,a,"план,мер",план,мер => мер-1|мер-2|мер-3,"план,мер-1"
28602,платеж,s,"плат,еж",еж,плат => плат-1|плат-2,"плат-1,еж"
28604,платежеспособный,a,"плат,еж,способн","еж,соб",плат => плат-1|плат-2,"плат-1,еж,соб"
28606,платежный,a,"плат,еж",еж,плат => плат-1|плат-2,"плат-1,еж"
28723,плодоножка,s,"плод,нож",плод,нож => нож-1|нож-2,"плод,нож-2"
28725,плодоносный,a,"плод,нос",плод,нос => нос-1|нос-2,"плод,нос-2"
28726,плодоносящий,a,"плод,нос",плод,нос => нос-1|нос-2,"плод,нос-2"
28733,плодотворный,a,"плод,твор",плод,твор => твор-1|твор-2,"плод,твор-1"
28740,плоскогубцы,s,"плоск,губ",плоск,губ => губ-1|губ-2|губ-3,"плоск,губ-2"
28756,плотоядный,a,"плот,яд",яд,плот => плот-1|плот-2|плот-3,"плот-2,яд"
28899,поведенческий,a,вед,,вед => вед-1|вед-2,вед-2
29439,подлет,s,лет,,лет => лет-1|лет-2,лет-2
29476,подмести,v,мес,,мес => мес-1|мес-2,мес-2
29480,подметный,a,мет,,мет => мет-1|мет-2,мет-1
29568,подолгу,adv,долг,,долг => долг-1|долг-2,долг-1
29937,пожаротушение,s,"пожар,туш",жар,туш => туш-1|туш-2,"жар,туш-2"
30051,поименный,a,им,,им => им-1|им-2,им-2
30052,поименованный,a,им,,им => им-1|им-2,им-2
30060,поисково-разведочный,a,"иск,вед",иск,вед => вед-1|вед-2,"иск,вед-1"
30274,полет,s,лет,,лет => лет-1|лет-2,лет-2
30278,полетный,a,лет,,лет => лет-1|лет-2,лет-2
30309,полимер,s,"поли,мер",поли,мер => мер-1|мер-2|мер-3,"поли,мер-1"
30311,полимеризация,s,"поли,мер",поли,мер => мер-1|мер-2|мер-3,"поли,мер-1"
30330,полисемия,s,"поли,сем",поли,сем => сем-1|сем-2|сем-3,"поли,сем-3"
30388,полководец,s,"полк,вод",полк,вод => вод-1|вод-2,"полк,вод-1"
30413,полновесный,a,"полн,вес",полн,вес => вес-1|вес-2|вес-3|вес-4,"полн,вес-1"
30415,полноводный,a,"полн,вод",полн,вод => вод-1|вод-2,"полн,вод-2"
30416,полнокровный,a,"полн,кров",полн,кров => кров-1|кров-2,"полн,кров-1"
30706,помехозащищенность,s,"мех,защищ",щищ,мех => мех-1|мех-2,"мех-2,щищ"
30957,по-польски,adv,поль,,поль => пол-1|пол-2|пол-3|пол-4|пол-5,пол-2
31014,попутешествовать,v,пут,,пут => пут-1|пут-2,пут-2
31134,портсигар,s,"порт,сигар",сигар,порт => порт-1|порт-2|порт-3,"порт-1,сигар"
31156,по-русски,adv,рус,,рус => рус-1|рус-2,рус-2
31504,потемки,s,тем,,тем => тем-1|тем-2,тем-2
31520,потертость,s,тер,,тер => тер-1|тер-2,тер-1
31521,потертый,a,тер,,тер => тер-1|тер-2,тер-1
31675,похлебка,s,хлеб,,хлеб => хлеб-1|хлеб-2,хлеб-2
31741,почесываться,v,чес,,чес => чес-1|чес-2,чес-1
31752,починять,v,чин,,чин => чин-1|чин-2,чин-1
31885,правобережный,a,"прав,береж",прав,береж => береж-1|береж-2,"прав,береж-2"
31887,правовед,s,"прав,вед",прав,вед => вед-1|вед-2,"прав,вед-1"
31888,правоведение,s,"прав,вед",прав,вед => вед-1|вед-2,"прав,вед-1"
31921,правосудие,s,"прав,суд",прав,суд => суд-1|суд-2,"прав,суд-1"
32271,прекраснодушие,s,"прекрасн,душ",крас-1,душ => душ-1|душ-2,"крас-1,душ-1"
32272,прекраснодушный,a,"прекрасн,душ",крас-1,душ => душ-1|душ-2,"крас-1,душ-1"
32504,приболеть,v,бол,,бол => бол-1|бол-2,бол-1
32875,прилет,s,лет,,лет => лет-1|лет-2,лет-2
32954,приморец,s,мор,,мор => мор-1|мор-2,мор-2
33218,пристегнуться,v,стег,,стег => стег-1|стег-2,стег-1
33293,притоп,s,топ,,топ => топ-1|топ-2|топ-3,топ-1
33294,притопать,v,топ,,топ => топ-1|топ-2|топ-3,топ-1
33342,прихлебывать,v,хлеб,,хлеб => хлеб-1|хлеб-2,хлеб-2
33386,причесывать,v,чес,,чес => чес-1|чес-2,чес-1
33387,причесываться,v,чес,,чес => чес-1|чес-2,чес-1
34276,простодушие,s,"прост,душ",прост,душ => душ-1|душ-2,"прост,душ-1"
34278,простодушный,a,"прост,душ",прост,душ => душ-1|душ-2,"прост,душ-1"
34334,просящий,a,прос,,прос => прос-1|прос-2,прос-1
34379,противоборство,s,"против,бор",против,бор => бор-1|бор-2|бор-3,"против,бор-2"
34380,противоборствовать,v,"против,бор",против,бор => бор-1|бор-2|бор-3,"против,бор-2"
34382,противовес,s,"против,вес",против,вес => вес-1|вес-2|вес-3|вес-4,"против,вес-1"
34403,противоположность,s,"против,лож",против,лож => лож-1|лож-2,"против,лож-1"
34404,противоположный,a,"против,лож",против,лож => лож-1|лож-2,"против,лож-1"
34416,противоречивый,a,"против,реч",против,реч => реч-1|реч-2,"против,реч-2"
34417,противоречие,s,"против,реч",против,реч => реч-1|реч-2,"против,реч-2"
34418,противоречить,v,"против,реч",против,реч => реч-1|реч-2,"против,реч-2"
34552,прочесывать,v,чес,,чес => чес-1|чес-2,чес-1
34657,прямодушный,a,"прям,душ",прям,душ => душ-1|душ-2,"прям,душ-1"
34665,прямоугольный,a,"прям,уголь",прям,уголь => угол-1|угол-2,"прям,угол-1"
34796,пулемет,s,"пул,мет",пул,мет => мет-1|мет-2,"пул,мет-1"
34797,пулеметный,a,"пул,мет",пул,мет => мет-1|мет-2,"пул,мет-1"
34798,пулеметчик,s,"пул,мет",пул,мет => мет-1|мет-2,"пул,мет-1"
34852,пустопорожний,a,"пуст,порожн",порожн,пуст => пуст-1|пуст-2,"пуст-2,порожн"
34853,пустословие,s,"пуст,слов",слов-1,пуст => пуст-1|пуст-2,"пуст-2,слов-1"
34855,пустотелый,a,"пуст,тел",,пуст => пуст-1|пуст-2; тел => тел-1|тел-2,"пуст-2,тел-1"
34878,путеводитель,s,"пут,вод",,пут => пут-1|пут-2; вод => вод-1|вод-2,"пут-2,вод-1"
34879,путеводный,a,"пут,вод",,пут => пут-1|пут-2; вод => вод-1|вод-2,"пут-2,вод-1"
34882,путепровод,s,"пут,вод",,пут => пут-1|пут-2; вод => вод-1|вод-2,"пут-2,вод-1"
34885,путешествие,s,пут,,пут => пут-1|пут-2,пут-2
34927,пчеловод,s,"пчел,вод",пчел,вод => вод-1|вод-2,"пчел,вод-1"
35003,пятерка,s,пят,,пят => пят-1|пят-2,пят-1
35005,пятерочка,s,пят,,пят => пят-1|пят-2,пят-1
35008,пятидесятилетие,s,"пят,десят,лет",десят,пят => пят-1|пят-2; лет => лет-1|лет-2,"пят-1,десят,лет-1"
35009,пятидесятилетний,a,"пят,десят,лет",десят,пят => пят-1|пят-2; лет => лет-1|лет-2,"пят-1,десят,лет-1"
35010,пятидесятник,s,"пят,десят",десят,пят => пят-1|пят-2,"пят-1,десят"
35012,пятидневный,a,"пят,дн",,пят => пят-1|пят-2; дн => дн-1|дн-2,"пят-1,дн-1"
35014,пятизначный,a,"пят,знач",зна(j),пят => пят-1|пят-2,"пят-1,зна(j)"
35015,пятиклассник,s,"пят,класс",класс,пят => пят-1|пят-2,"пят-1,класс"
35017,пятиконечный,a,"пят,конеч",кон-1,пят => пят-1|пят-2,"пят-1,кон-1"
35019,пятилетие,s,"пят,лет",,пят => пят-1|пят-2; лет => лет-1|лет-2,"пят-1,лет-1"
35020,пятилетка,s,"пят,лет",,пят => пят-1|пят-2; лет => лет-1|лет-2,"пят-1,лет-1"
35024,пятиминутка,s,"пят,минут",минут,пят => пят-1|пят-2,"пят-1,минут"
35026,пятипроцентный,a,"пят,процент",процент,пят => пят-1|пят-2,"пят-1,процент"
35030,пятиэтажный,a,"пят,этаж",этаж,пят => пят-1|пят-2,"пят-1,этаж"
35032,пятнадцатилетний,a,"пят,дцат,лет",дцат,пят => пят-1|пят-2; лет => лет-1|лет-2,"пят-1,дцат,лет-1"
35057,работодатель,s,"работ,да",раб,да => да-1|да-2|да-3,"раб,да-1"
35058,работорговля,s,"раб,торг",раб,торг => торг-1|торг-2,"раб,торг-1"
35083,равновесный,a,"равн,вес",рав,вес => вес-1|вес-2|вес-3|вес-4,"рав,вес-1"
35085,равнодушие,s,"равн,душ",рав,душ => душ-1|душ-2,"рав,душ-1"
35087,равнодушный,a,"равн,душ",рав,душ => душ-1|душ-2,"рав,душ-1"
35091,равномерный,a,"равн,мер",рав,мер => мер-1|мер-2|мер-3,"рав,мер-1"
35128,радиоволна,s,"радио,волн",радио,волн => волн-1|волн-2,"радио,волн-1"
35132,радиоизлучение,s,"радио,луч",радио,луч => луч-1|луч-2|луч-3|луч-4|луч-5,"радио,луч-1"
35161,радиочастота,s,"радио,част",радио,част => част-1|част-2,"радио,част-2"
35162,радиочастотный,a,"радио,част",радио,част => част-1|част-2,"радио,част-2"
35250,разведгруппа,s,"вед,групп",групп,вед => вед-1|вед-2,"вед-1,групп"
35272,развернутый,a,вер,,вер => вер-1|вер-2|вер-3,вер-2
35525,разлет,s,лет,,лет => лет-1|лет-2,лет-2
35660,разноречивый,a,"разн,реч",раз-2,реч => реч-1|реч-2,"раз-2,реч-2"
35675,разночинец,s,"разн,чин",раз-2,чин => чин-1|чин-2,"раз-2,чин-1"
35875,ракета-носитель,s,"ракет,нос",ракет,нос => нос-1|нос-2,"ракет,нос-2"
35882,ракетоносец,s,"ракет,нос",ракет,нос => нос-1|нос-2,"ракет,нос-2"
35902,ранее,adv,ран,,ран => ран-1|ран-2,ран-2
35914,ранневесенний,a,"ран,весен",весен,ран => ран-1|ран-2,"ран-2,весен"
35917,рано,adv,ран,,ран => ран-1|ран-2,ран-2
35936,раскаленный,a,кал,,кал => кал-1|кал-2|кал-3,кал-1
35968,раскисший,a,кис,,кис => кис-1|кис-2|кис-3,кис-1
36343,растениеводство,s,"раст,вод",рас,вод => вод-1|вод-2,"рас,вод-1"
36429,расхлебывать,v,хлеб,,хлеб => хлеб-1|хлеб-2,хлеб-2
36461,расческа,s,чес,,чес => чес-1|чес-2,чес-1
36462,расчесывать,v,чес,,чес => чес-1|чес-2,чес-1
36977,ресурсосберегающий,a,"ресурс,берег",ресурс,берег => берег-1|берег-2,"ресурс,берег-1"
37148,рогоносец,s,"рог,нос",рог,нос => нос-1|нос-2,"рог,нос-2"
37313,ротационный,a,рот,,рот => рот-1|рот-2,рот-2
37314,ротация,s,рот,,рот => рот-1|рот-2,рот-2
37321,ротозей,s,"рот,зе",зев,рот => рот-1|рот-2,"рот-1,зев"
37401,рукопожатие,s,"рук,жа",рук,жа => жа-1|жа-2,"рук,жа-1"
37402,рукоположение,s,"рук,лож",рук,лож => лож-1|лож-2,"рук,лож-1"
37403,рукоположить,v,"рук,лож",рук,лож => лож-1|лож-2,"рук,лож-1"
37443,русоволосый,a,"рус,волос",волос,рус => рус-1|рус-2,"рус-1,волос"
37446,русофобский,a,"рус,фоб",фоб,рус => рус-1|рус-2,"рус-2,фоб"
37454,русскоязычный,a,"рус,языч",языч,рус => рус-1|рус-2,"рус-2,языч"
37455,русско-японский,a,"рус,япон",япон,рус => рус-1|рус-2,"рус-2,япон"
37500,рыжебородый,a,"рыж,бород",бород,рыж => рыж-1|рыж-2,"рыж-1,бород"
37602,садовод,s,"сад,вод",сад,вод => вод-1|вод-2,"сад,вод-1"
37603,садоводство,s,"сад,вод",сад,вод => вод-1|вод-2,"сад,вод-1"
37604,садоводческий,a,"сад,вод",сад,вод => вод-1|вод-2,"сад,вод-1"
37682,самовозгорание,s,"сам,воз,гор","сам,воз",гор => гор-1|гор-2,"сам,воз,гор-2"
37683,самоволка,s,"сам,вол",сам,вол => вол-1|вол-2,"сам,вол-1"
37724,самокат,s,"сам,кат",сам,кат => кат-1|кат-2,"сам,кат-1"
37731,самолет,s,"сам,лет",сам,лет => лет-1|лет-2,"сам,лет-2"
37733,самолетный,a,"сам,лет",сам,лет => лет-1|лет-2,"сам,лет-2"
37734,самолето-вылет,s,"сам,лет,лет",сам,лет => лет-1|лет-2; лет => лет-1|лет-2,"сам,лет-2,лет-2"
37735,самолетостроение,s,"сам,лет,стро","сам,стро(j)",лет => лет-1|лет-2,"сам,лет-2,стро(j)"
37757,самоокупаемость,s,"сам,куп",сам,куп => куп-1|куп-2|куп-3,"сам,куп-1"
37767,самоотдача,s,"сам,да",сам,да => да-1|да-2|да-3,"сам,да-1"
37773,самопал,s,"сам,пал",сам,пал => пал-1|пал-2|пал-3|пал-4,"сам,пал-1"
37804,самосуд,s,"сам,суд",сам,суд => суд-1|суд-2,"сам,суд-1"
37811,самоуверенность,s,"сам,вер",сам,вер => вер-1|вер-2|вер-3,"сам,вер-1"
37830,самоцель,s,"сам,цель",сам,цель => цел-1|цел-2,"сам,цел-1"
37843,санация,s,сан,,сан => сан-1|сан-2,сан-1
37844,санбат,s,"сан,бат",бат,сан => сан-1|сан-2,"сан-1,бат"
37851,санинструктор,s,"сан,инструкт",инструкт,сан => сан-1|сан-2,"сан-1,инструкт"
37866,санпропускник,s,"сан,пуск",пуск,сан => сан-1|сан-2,"сан-1,пуск"
37869,сантехник,s,"сан,техн",техн,сан => сан-1|сан-2,"сан-1,техн"
37871,сантехнический,a,"сан,техн",техн,сан => сан-1|сан-2,"сан-1,техн"
37875,санузел,s,"сан,узел",уз-1,сан => сан-1|сан-2,"сан-1,уз-1"
37876,санчасть,s,"сан,часть",част-1,сан => сан-1|сан-2,"сан-1,част-1"
37877,санэпидстанция,s,"сан,эпид,станци","эпид,станци(j)",сан => сан-1|сан-2,"сан-1,эпид,станци(j)"
37977,сборная,s,бор,,бор => бор-1|бор-2|бор-3,бор-1
38033,свежевыбритый,a,"свеж,бр",свеж,бр => бр-1|бр-2,"свеж,бр-2"
38062,свернутый,a,вер,,вер => вер-1|вер-2|вер-3,вер-2
38089,сверхпроводящий,a,вод,,вод => вод-1|вод-2,вод-1
38140,светло-русый,a,"свет,рус",свет,рус => рус-1|рус-2,"свет,рус-1"
38141,светло-серый,a,"свет,сер",свет,сер => сер-1|сер-2,"свет,сер-1"
38151,светоносный,a,"свет,нос",свет,нос => нос-1|нос-2,"свет,нос-2"
38187,свиноводство,s,"свин,вод",свин,вод => вод-1|вод-2,"свин,вод-1"
38233,своеволие,s,"сво,вол",сво(j),вол => вол-1|вол-2,"сво(j),вол-1"
38265,связанный,a,вяз,,вяз => вяз-1|вяз-2,вяз-2
38445,седобородый,a,"сед,бород",бород,сед => сед-1|сед-2,"сед-2,бород"
38447,седовласый,a,"сед,влас",влас,сед => сед-1|сед-2,"сед-2,влас"
38458,сейсморазведка,s,"сейсм,вед",сейсм,вед => вед-1|вед-2,"сейсм,вед-1"
38501,секундомер,s,"секунд,мер",секунд,мер => мер-1|мер-2|мер-3,"секунд,мер-1"
38552,семантика,s,сем,,сем => сем-1|сем-2|сем-3,сем-3
38566,семерка,s,сем,,сем => сем-1|сем-2|сем-3,сем-1
38569,семидесятилетие,s,"сем,десят,лет",десят,сем => сем-1|сем-2|сем-3; лет => лет-1|лет-2,"сем-1,десят,лет-1"
38571,семидневный,a,"сем,дн",,сем => сем-1|сем-2|сем-3; дн => дн-1|дн-2,"сем-1,дн-1"
38573,семилетний,a,"сем,лет",,сем => сем-1|сем-2|сем-3; лет => лет-1|лет-2,"сем-1,лет-1"
38574,семимильный,a,"сем,миль",мил,сем => сем-1|сем-2|сем-3,"сем-1,мил"
38584,семнадцатилетний,a,"сем,дцат,лет",дцат,сем => сем-1|сем-2|сем-3; лет => лет-1|лет-2,"сем-1,дцат,лет-1"
38588,семядоля,s,"сем,дол",,сем => сем-1|сем-2|сем-3; дол => дол-1|дол-2,"сем-3,дол-1"
38598,сеновал,s,"сен,вал",вал,сен => сен-1|сен-2|сен-3,"сен-1,вал"
38599,сенокос,s,"сен,кос",,сен => сен-1|сен-2|сен-3; кос => кос-1|кос-2|кос-3|кос-4,"сен-1,кос-1"
38654,сердобольный,a,"серд,боль",серд,боль => бол-1|бол-2,"серд,бол-1"
38662,серебристо-серый,a,"серебр,сер",серебр,сер => сер-1|сер-2,"серебр,сер-1"
38692,сероводород,s,"сер,водород",водород,сер => сер-1|сер-2,"сер-2,водород"
38693,сероводородный,a,"сер,водород",водород,сер => сер-1|сер-2,"сер-2,водород"
38694,сероглазый,a,"сер,глаз",глаз,сер => сер-1|сер-2,"сер-1,глаз"
38697,серозный,a,сер,,сер => сер-1|сер-2,сер-2
38699,серологический,a,"сер,лог",лог,сер => сер-1|сер-2,"сер-2,лог"
38768,сжирать,v,жир,,жир => жир-1|жир-2,жир-2
39049,скатерть-самобранка,s,"скатерть,сам,бр","скатер,сам",бр => бр-1|бр-2,"скатер,сам,бр-1"
39188,скопировать,v,коп,,коп => коп-1|коп-2|коп-3,коп-2
39208,скоропортящийся,a,"скор,порт",скор-1,порт => порт-1|порт-2|порт-3,"скор-1,порт-2"
39230,скособочиться,v,"кос,боч",,кос => кос-1|кос-2|кос-3|кос-4; боч => боч-1|боч-2,"кос-2,боч-2"
39238,скотовод,s,"скот,вод",скот,вод => вод-1|вод-2,"скот,вод-1"
39239,скотоводство,s,"скот,вод",скот,вод => вод-1|вод-2,"скот,вод-1"
39376,славословить,v,"слав,слов",слов-1,слав => слав-1|слав-2,"слав-1,слов-1"
39443,слезоточивый,a,"слез,точ",слез,точ => точ-1|точ-2|точ-3,"слез,точ-1"
39459,слет,s,лет,,лет => лет-1|лет-2,лет-2
39541,слоненок,s,слон,,слон => слон-1|слон-2,слон-1
39661,смертоносный,a,"смерт,нос",мер-2,нос => нос-1|нос-2,"мер-2,нос-2"
39683,смехотворный,a,"сме,х,твор",сме-1,сме => сме-1|сме-2; твор => твор-1|твор-2,"сме-1,х,твор-1"
39884,собаковод,s,"собак,вод",собак,вод => вод-1|вод-2,"собак,вод-1"
39885,собаководство,s,"собак,вод",собак,вод => вод-1|вод-2,"собак,вод-1"
39945,совенок,s,сов,,сов => сов-1|сов-2,сов-1
39951,совершеннолетие,s,"совершенн,лет",совершенн,лет => лет-1|лет-2,"совершенн,лет-1"
39952,совершеннолетний,a,"совершенн,лет",совершенн,лет => лет-1|лет-2,"совершенн,лет-1"
39991,совнархоз,s,"сов,нар,хоз","нар,хоз",сов => сов-1|сов-2,"сов-2,нар,хоз"
40011,совхоз,s,"сов,хоз",хоз,сов => сов-1|сов-2,"сов-2,хоз"
40012,совхозный,a,"сов,хоз",хоз,сов => сов-1|сов-2,"сов-2,хоз"
40207,сольный,a,соль,,соль => сол-1|сол-2,сол-1
40315,сопряженный,a,пряж,,пряж => пряж-1|пряж-2|пряж-3,пряж-2
40345,сорокалетие,s,"сорок,лет",сорок-1,лет => лет-1|лет-2,"сорок-1,лет-1"
40346,сорокалетний,a,"сорок,лет",сорок-1,лет => лет-1|лет-2,"сорок-1,лет-1"
40700,спинномозговой,a,"спин,мозг",спин,мозг => мозг-1|мозг-2,"спин,мозг-1"
40877,спутниковый,a,пут,,пут => пут-1|пут-2,пут-2
41168,створ,s,твор,,твор => твор-1|твор-2,твор-2
41175,стеганый,a,стег,,стег => стег-1|стег-2,стег-1
41316,стихосложение,s,"стих,лож",стих,лож => лож-1|лож-2,"стих,лож-1"
41317,стихотворение,s,"стих,твор",стих,твор => твор-1|твор-2,"стих,твор-1"
41318,стихотворец,s,"стих,твор",стих,твор => твор-1|твор-2,"стих,твор-1"
41319,стихотворный,a,"стих,твор",стих,твор => твор-1|твор-2,"стих,твор-1"
41352,столетие,s,"ст,лет",ст,лет => лет-1|лет-2,"ст,лет-1"
41533,стреножить,v,"тр,нож",тр-1,нож => нож-1|нож-2,"тр-1,нож-2"
41549,строгач,s,строг,,строг => строг-1|строг-2,строг-2
41552,строго-настрого,adv,"строг,строг",,строг => строг-1|строг-2; строг => строг-1|строг-2,"строг-2,строг-2"
41744,судебно-медицинский,a,"суд,медиц",медиц,суд => суд-1|суд-2,"суд-1,медиц"
41746,судебно-психиатрический,a,"суд,псих,иатр","псих,иатр",суд => суд-1|суд-2,"суд-1,псих,иатр"
41760,судоверфь,s,"суд,верфь",верф,суд => суд-1|суд-2,"суд-2,верф"
41761,судовладелец,s,"суд,влад",влад,суд => суд-1|суд-2,"суд-2,влад"
41762,судоводитель,s,"суд,вод",,суд => суд-1|суд-2; вод => вод-1|вод-2,"суд-2,вод-1"
41766,судопроизводство,s,"суд,производ",вод-1,суд => суд-1|суд-2,"суд-1,вод-1"
41772,судостроительный,a,"суд,стро",стро(j),суд => суд-1|суд-2,"суд-2,стро(j)"
41773,судоустройство,s,"суд,строй",стро(j),суд => суд-1|суд-2,"суд-1,стро(j)"
41774,судоходный,a,"суд,ход",ход,суд => суд-1|суд-2,"суд-2,ход"
41775,судоходство,s,"суд,ход",ход,суд => суд-1|суд-2,"суд-2,ход"
41789,сужать,v,уж,,уж => уж-1|уж-2|уж-3|уж-4,уж-2
41790,сужаться,v,уж,,уж => уж-1|уж-2|уж-3|уж-4,уж-2
41860,супермен,s,мен,,мен => мен-1|мен-2,мен-1
41933,сухопутный,a,"сух,пут",сух,пут => пут-1|пут-2,"сух,пут-2"
42106,сыпануть,v,сып,,сып => сып-1|сып-2,сып-1
42114,сыр-бор,s,"сыр,бор",сыр,бор => бор-1|бор-2|бор-3,"сыр,бор-3"
42389,театровед,s,"театр,вед",театр,вед => вед-1|вед-2,"театр,вед-1"
42446,теленок,s,тел,,тел => тел-1|тел-2,тел-2
42484,телка,s,тел,,тел => тел-1|тел-2,тел-2
42489,телосложение,s,"тел,слож",лож-1,тел => тел-1|тел-2,"тел-1,лож-1"
42499,тема,s,тем,,тем => тем-1|тем-2,тем-2
42500,тематика,s,тем,,тем => тем-1|тем-2,тем-2
42502,тематический,a,тем,,тем => тем-1|тем-2,тем-2
42510,темненький,a,тем,,тем => тем-1|тем-2,тем-2
42519,темноволосый,a,"тем,волос",волос,тем => тем-1|тем-2,"тем-2,волос"
42522,темно-желтый,a,"тем,желт",желт,тем => тем-1|тем-2,"тем-2,желт"
42523,темно-зеленый,a,"тем,зелен",зел,тем => тем-1|тем-2,"тем-2,зел"
42526,темно-красный,a,"тем,красн",крас-1,тем => тем-1|тем-2,"тем-2,крас-1"
42530,темно-русый,a,"тем,рус",,тем => тем-1|тем-2; рус => рус-1|рус-2,"тем-2,рус-1"
42531,темно-серый,a,"тем,сер",,тем => тем-1|тем-2; сер => сер-1|сер-2,"тем-2,сер-1"
42532,темно-синий,a,"тем,син",син,тем => тем-1|тем-2,"тем-2,син"
42535,темнохвойный,a,"тем,хвой",хво(j),тем => тем-1|тем-2,"тем-2,хво(j)"
42536,темный,a,тем,,тем => тем-1|тем-2,тем-2
42553,теневыносливый,a,"тен,нос",тен,нос => нос-1|нос-2,"тен,нос-2"
42598,теплокровный,a,"тепл,кров",тепл,кров => кров-1|кров-2,"тепл,кров-1"
42600,теплоноситель,s,"тепл,нос",тепл,нос => нос-1|нос-2,"тепл,нос-2"
42603,теплопроводность,s,"тепл,вод",тепл,вод => вод-1|вод-2,"тепл,вод-1"
42628,терка,s,тер,,тер => тер-1|тер-2,тер-1
42646,термос,s,"терм,ос",терм,ос => ос-1|ос-2,"терм,ос-2"
42678,терский,a,тер,,тер => тер-1|тер-2,тер-2
42679,тертый,a,тер,,тер => тер-1|тер-2,тер-1
42866,тлетворный,a,"тл,твор",тл-1,твор => твор-1|твор-2,"тл-1,твор-1"
42882,товаровед,s,"товар,вед",товар,вед => вед-1|вед-2,"товар,вед-1"
42884,товарообмен,s,"товар,мен",товар,мен => мен-1|мен-2,"товар,мен-1"
42940,толстогубый,a,"толст,губ",толст,губ => губ-1|губ-2|губ-3,"толст,губ-2"
42973,томография,s,"том,граф",граф,том => том-1|том-2,"том-1,граф"
42975,тон,s,тон,,тон => тон-1|тон-2,тон-1
42976,тональность,s,тон,,тон => тон-1|тон-2,тон-1
42977,тональный,a,тон,,тон => тон-1|тон-2,тон-1
42980,тонизировать,v,тон,,тон => тон-1|тон-2,тон-1
42983,тоника,s,тон,,тон => тон-1|тон-2,тон-1
42984,тонировать,v,тон,,тон => тон-1|тон-2,тон-1
42994,тонометр,s,"тон,метр",метр,тон => тон-1|тон-2,"тон-1,метр"
43007,топленый,a,топл,,топл => топ-1|топ-2|топ-3,топ-3
43008,топливно-энергетический,a,"топл,ив,энерг","ив,энерг",топл => топ-1|топ-2|топ-3,"топ-3,ив,энерг"
43015,топограф,s,"топ,граф",граф,топ => топ-1|топ-2|топ-3,"топ-2,граф"
43016,топографический,a,"топ,граф",граф,топ => топ-1|топ-2|топ-3,"топ-2,граф"
43017,топография,s,"топ,граф",граф,топ => топ-1|топ-2|топ-3,"топ-2,граф"
43022,топология,s,"топ,лог",лог,топ => топ-1|топ-2|топ-3,"топ-2,лог"
43025,топонимика,s,"топ,оним",оним,топ => топ-1|топ-2|топ-3,"топ-2,оним"
43054,торгово-промышленный,a,"торг,промышл",мышл,торг => торг-1|торг-2,"торг-1,мышл"
43055,торгово-экономический,a,"торг,эконом",эконом,торг => торг-1|торг-2,"торг-1,эконом"
43137,тошнотворный,a,"тошн,твор",тошн,твор => твор-1|твор-2,"тошн,твор-1"
43332,треножник,s,"тр,нож",тр-1,нож => нож-1|нож-2,"тр-1,нож-2"
43377,трехдневный,a,"тр,ех,дн","тр-1,ех",дн => дн-1|дн-2,"тр-1,ех,дн-1"
43383,трехлетний,a,"тр,ех,лет","тр-1,ех",лет => лет-1|лет-2,"тр-1,ех,лет-1"
43385,трехмерный,a,"тр,ех,мер","тр-1,ех",мер => мер-1|мер-2|мер-3,"тр-1,ех,мер-1"
43386,трехместный,a,"тр,ех,мест","тр-1,ех",мест => мест-1|мест-2,"тр-1,ех,мест-1"
43399,трехтомник,s,"тр,ех,том","тр-1,ех",том => том-1|том-2,"тр-1,ех,том-1"
43400,трехтомный,a,"тр,ех,том","тр-1,ех",том => том-1|том-2,"тр-1,ех,том-1"
43426,тридцатилетие,s,"тр,дцат,лет","тр-1,дцат",лет => лет-1|лет-2,"тр-1,дцат,лет-1"
43427,тридцатилетний,a,"тр,дцат,лет","тр-1,дцат",лет => лет-1|лет-2,"тр-1,дцат,лет-1"
43444,тринадцатилетний,a,"тр,дцат,лет","тр-1,дцат",лет => лет-1|лет-2,"тр-1,дцат,лет-1"
43523,трубопровод,s,"труб,вод",труб,вод => вод-1|вод-2,"труб,вод-1"
43524,трубопроводный,a,"труб,вод",труб,вод => вод-1|вод-2,"труб,вод-1"
43714,туш,s,туш,,туш => туш-1|туш-2,туш-2
43718,тушенка,s,туш,,туш => туш-1|туш-2,туш-2
43719,тушеный,a,туш,,туш => туш-1|туш-2,туш-2
43750,тысячелетие,s,"тысяч,лет",тысяч,лет => лет-1|лет-2,"тысяч,лет-1"
43751,тысячелетний,a,"тысяч,лет",тысяч,лет => лет-1|лет-2,"тысяч,лет-1"
43812,тяжелобольной,a,"тяж,ел,боль","тяж,ел",боль => бол-1|бол-2,"тяж,ел,бол-1"
43813,тяжелобольной,s,"тяж,ел,боль","тяж,ел",боль => бол-1|бол-2,"тяж,ел,бол-1"
43816,тяжеловес,s,"тяж,ел,вес","тяж,ел",вес => вес-1|вес-2|вес-3|вес-4,"тяж,ел,вес-1"
43817,тяжеловесный,a,"тяж,ел,вес","тяж,ел",вес => вес-1|вес-2|вес-3|вес-4,"тяж,ел,вес-1"
43818,тяжелораненый,s,"тяж,ел,ран","тяж,ел",ран => ран-1|ран-2,"тяж,ел,ран-1"
44014,угледобывающий,a,"угл,добы",бы,угл => угл-1|угл-2,"угл-2,бы"
44015,угледобыча,s,"угл,добы",бы,угл => угл-1|угл-2,"угл-2,бы"
44016,углекислота,s,"угл,кис",,угл => угл-1|угл-2; кис => кис-1|кис-2|кис-3,"угл-2,кис-1"
44017,углекислый,a,"угл,кис",,угл => угл-1|угл-2; кис => кис-1|кис-2|кис-3,"угл-2,кис-1"
44227,удушающий,a,душ,,душ => душ-1|душ-2,душ-1
44508,умирающий,a,мир,,мир => мир-1|мир-2,мир-2
44509,умирающий,s,мир,,мир => мир-1|мир-2,мир-2
44510,умиротворение,s,"мир,твор",,мир => мир-1|мир-2; твор => твор-1|твор-2,"мир-1,твор-1"
44513,умиротворенный,a,"мир,твор",,мир => мир-1|мир-2; твор => твор-1|твор-2,"мир-1,твор-1"
44515,умиротворять,v,"мир,твор",,мир => мир-1|мир-2; твор => твор-1|твор-2,"мир-1,твор-1"
44663,уплотненный,a,плотн,,плотн => плот-1|плот-2|плот-3,плот-1
44777,уравновесить,v,"равн,вес",рав,вес => вес-1|вес-2|вес-3|вес-4,"рав,вес-1"
44778,уравновешенность,s,"равн,веш",рав,веш => веш-1|веш-2,"рав,веш-1"
44780,уравновешивать,v,"равн,веш",рав,веш => веш-1|веш-2,"рав,веш-1"
44781,уравновешиваться,v,"равн,веш",рав,веш => веш-1|веш-2,"рав,веш-1"
45084,утихомиривать,v,"тих,мир",тих,мир => мир-1|мир-2,"тих,мир-1"
45086,утихомириться,v,"тих,мир",тих,мир => мир-1|мир-2,"тих,мир-1"
45693,флотоводец,s,"флот,вод",флот,вод => вод-1|вод-2,"флот,вод-1"
45829,фотокопия,s,"фото,коп",фото,коп => коп-1|коп-2|коп-3,"фото,коп-3"
45953,футбол,s,"фут,бол",фут,бол => бол-1|бол-2,"фут,бол-2"
45954,футболист,s,"фут,бол",фут,бол => бол-1|бол-2,"фут,бол-2"
45955,футболка,s,"фут,бол",фут,бол => бол-1|бол-2,"фут,бол-2"
45956,футбольный,a,"фут,боль",фут,боль => бол-1|бол-2,"фут,бол-2"
46181,хладнокровный,a,"хлад,кров",хлад,кров => кров-1|кров-2,"хлад,кров-1"
46192,хлебобулочный,a,"хлеб,булоч",булоч,хлеб => хлеб-1|хлеб-2,"хлеб-1,булоч"
46193,хлебозавод,s,"хлеб,завод",вод-1,хлеб => хлеб-1|хлеб-2,"хлеб-1,вод-1"
46196,хлебопекарный,a,"хлеб,пек",пек,хлеб => хлеб-1|хлеб-2,"хлеб-1,пек"
46197,хлеборез,s,"хлеб,рез",рез,хлеб => хлеб-1|хлеб-2,"хлеб-1,рез"
46198,хлебороб,s,"хлеб,роб",роб,хлеб => хлеб-1|хлеб-2,"хлеб-1,роб"
46199,хлебосольный,a,"хлеб,соль",,хлеб => хлеб-1|хлеб-2; соль => сол-1|сол-2,"хлеб-1,сол-1"
46200,хлебосольство,s,"хлеб,соль",,хлеб => хлеб-1|хлеб-2; соль => сол-1|сол-2,"хлеб-1,сол-1"
46201,хлеб-соль,s,"хлеб,соль",,хлеб => хлеб-1|хлеб-2; соль => сол-1|сол-2,"хлеб-1,сол-1"
46322,холоднокатаный,a,"холод,кат",холод,кат => кат-1|кат-2,"холод,кат-1"
46353,хоровод,s,"хор,вод",хор-2,вод => вод-1|вод-2,"хор-2,вод-1"
46432,хромоножка,s,"хром,нож",хром,нож => нож-1|нож-2,"хром,нож-2"
46556,цветоводство,s,"цвет,вод",цвет,вод => вод-1|вод-2,"цвет,вод-1"
46559,цветонос,s,"цвет,нос",цвет,нос => нос-1|нос-2,"цвет,нос-2"
46574,целенаправленность,s,"цел,направл",прав,цел => цел-1|цел-2,"цел-1,прав"
46579,целесообразность,s,"цел,сообраз",раз-1,цел => цел-1|цел-2,"цел-1,раз-1"
46580,целесообразный,a,"цел,сообраз",раз-1,цел => цел-1|цел-2,"цел-1,раз-1"
46581,целеуказание,s,"цел,указ",каз-1,цел => цел-1|цел-2,"цел-1,каз-1"
46584,целеустремленный,a,"цел,стремл",стрем-2,цел => цел-1|цел-2,"цел-1,стрем-2"
46616,целочисленный,a,"цел,числ",числ,цел => цел-1|цел-2,"цел-2,числ"
46619,цельнометаллический,a,"цель,металл",металл,цель => цел-1|цел-2,"цел-2,металл"
46825,чародейство,s,"чар,дей",де(j),чар => чар-1|чар-2,"чар-2,де(j)"
46850,частокол,s,"част,кол",,част => част-1|част-2; кол => кол-1|кол-2|кол-3,"част-2,кол-1"
46956,черепно-мозговой,a,"череп,мозг",череп,мозг => мозг-1|мозг-2,"череп,мозг-1"
46986,чернобурка,s,"черн,бур",черн,бур => бур-1|бур-2|бур-3,"черн,бур-2"
46987,черно-бурый,a,"черн,бур",черн,бур => бур-1|бур-2|бур-3,"черн,бур-2"
47004,черноморец,s,"черн,мор",черн,мор => мор-1|мор-2,"черн,мор-2"
47005,черноморский,a,"черн,мор",черн,мор => мор-1|мор-2,"черн,мор-2"
47009,черносотенец,s,"черн,сот",черн,сот => сот-1|сот-2,"черн,сот-1"
47024,черт,s,черт,,черт => черт-1|черт-2,черт-2
47027,чертежник,s,"черт,еж",еж,черт => черт-1|черт-2,"черт-1,еж"
47028,чертежный,a,"черт,еж",еж,черт => черт-1|черт-2,"черт-1,еж"
47029,чертенок,s,черт,,черт => черт-1|черт-2,черт-2
47032,чертов,a,черт,,черт => черт-1|черт-2,черт-2
47038,черточка,s,черт,,черт => черт-1|черт-2,черт-1
47088,четырехлетний,a,"четыр,ех,лет","четыр,ех",лет => лет-1|лет-2,"четыр,ех,лет-1"
47093,четырехугольник,s,"четыр,ех,уголь","четыр,ех",уголь => угол-1|угол-2,"четыр,ех,угол-1"
47097,четырнадцатилетний,a,"четыр,дцат,лет","четыр,дцат",лет => лет-1|лет-2,"четыр,дцат,лет-1"
47122,чин,s,чин,,чин => чин-1|чин-2,чин-1
47129,чиновник,s,чин,,чин => чин-1|чин-2,чин-1
47133,чиновный,a,чин,,чин => чин-1|чин-2,чин-1
47162,чистокровный,a,"чист,кров",чист,кров => кров-1|кров-2,"чист,кров-1"
47164,чистоплотность,s,"чист,плотн",чист,плотн => плот-1|плот-2|плот-3,"чист,плот-2"
47165,чистоплотный,a,"чист,плотн",чист,плотн => плот-1|плот-2|плот-3,"чист,плот-2"
47406,шарообразный,a,"шар,образ",раз-1,шар => шар-1|шар-2,"шар-1,раз-1"
47493,шелкопряд,s,"шелк,пряд",шелк,пряд => пряд-1|пряд-2,"шелк,пряд-1"
47530,шестерка,s,шест,,шест => шест-1|шест-2,шест-2
47532,шестидесятилетие,s,"шест,десят,лет",десят,шест => шест-1|шест-2; лет => лет-1|лет-2,"шест-2,десят,лет-1"
47533,шестидесятилетний,a,"шест,десят,лет",десят,шест => шест-1|шест-2; лет => лет-1|лет-2,"шест-2,десят,лет-1"
47534,шестидесятник,s,"шест,десят",десят,шест => шест-1|шест-2,"шест-2,десят"
47535,шестидневный,a,"шест,дн",,шест => шест-1|шест-2; дн => дн-1|дн-2,"шест-2,дн-1"
47536,шестизначный,a,"шест,знач",зна(j),шест => шест-1|шест-2,"шест-2,зна(j)"
47537,шестилетний,a,"шест,лет",,шест => шест-1|шест-2; лет => лет-1|лет-2,"шест-2,лет-1"
47538,шестимесячный,a,"шест,месяч",месяч,шест => шест-1|шест-2,"шест-2,месяч"
47540,шестипалый,a,"шест,пал",,шест => шест-1|шест-2; пал => пал-1|пал-2|пал-3|пал-4,"шест-2,пал-3"
47545,шестиэтажный,a,"шест,этаж",этаж,шест => шест-1|шест-2,"шест-2,этаж"
47546,шестнадцатилетний,a,"шест,дцат,лет",дцат,шест => шест-1|шест-2; лет => лет-1|лет-2,"шест-2,дцат,лет-1"
47561,шиворот-навыворот,adv,"шиворот,ворот",шиворот,ворот => ворот-1|ворот-2,"шиворот,ворот-1"
47603,широкогрудый,a,"широк,груд",шир-1,груд => груд-1|груд-2,"шир-1,груд-1"
47608,широкополосный,a,"широк,полос",шир-1,полос => полос-1|полос-2,"шир-1,полос-1"
47616,ширпотреб,s,"шир,треб",треб,шир => шир-1|шир-2,"шир-1,треб"
47771,шпиономания,s,"шпион,ман",шпион,ман => ман-1|ман-2,"шпион,ман-1"
47872,шугануть,v,шуг,,шуг => шуг-1|шуг-2,шуг-1
47949,щелкопер,s,"щелк,пер",щелк,пер => пер-1|пер-2,"щелк,пер-2"
48153,экспортировать,v,порт,,порт => порт-1|порт-2|порт-3,порт-3
48154,экспортироваться,v,порт,,порт => порт-1|порт-2|порт-3,порт-3
48156,экспортный,a,порт,,порт => порт-1|порт-2|порт-3,порт-3
48254,электропередача,s,"электр,да",электр,да => да-1|да-2|да-3,"электр,да-1"
48260,электропривод,s,"электр,вод",электр,вод => вод-1|вод-2,"электр,вод-1"
48261,электропроводка,s,"электр,вод",электр,вод => вод-1|вод-2,"электр,вод-1"
48262,электропроводность,s,"электр,вод",электр,вод => вод-1|вод-2,"электр,вод-1"
48263,электроразведка,s,"электр,вед",электр,вед => вед-1|вед-2,"электр,вед-1"
48370,энергосберегающий,a,"энерг,берег",энерг,берег => берег-1|берег-2,"энерг,берег-1"
48539,этнос,s,"этн,ос",этн,ос => ос-1|ос-2,"этн,ос-2"
48581,югослав,s,"юг,слав",юг,слав => слав-1|слав-2,"юг,слав-2"
48582,югославский,a,"юг,слав",юг,слав => слав-1|слав-2,"юг,слав-2"
48690,языковед,s,"язык,вед",язык,вед => вед-1|вед-2,"язык,вед-1"
48738,яр,s,яр,,яр => яр-1|яр-2,яр-1
